program_id,university_id,university_name,province,city,program_name,degree_level,field_category,duration_years,eligibility,fee_per_year,campus_location,required_traits,apply_url
prog_00001,uok,University of Karachi (KU),Sindh,Karachi,B.Design (Communication),Bachelors,Design,4,Intermediate + portfolio/interview.,92000,Karachi,"Creative, Visual, Conceptual",https://uok.edu.pk/admissions
prog_00002,uok,University of Karachi (KU),Sindh,Karachi,B.Architecture,Bachelors,Design,5,Intermediate + aptitude + interview.,92000,Karachi,"Creative, Spatial, Detail-oriented",https://uok.edu.pk/admissions
prog_00003,uok,University of Karachi (KU),Sindh,Karachi,M.Architecture/Design,Masters,Design,2,B.Arch/B.Design + portfolio.,92000,Karachi,"Creative, Research, Systems-thinking",https://uok.edu.pk/admissions
prog_00004,uok,University of Karachi (KU),Sindh,Karachi,BS Media Studies,Bachelors,Media,4,Intermediate ≥50–60% + aptitude/interview.,80000,Karachi,"Creative, Storytelling, Communication",https://uok.edu.pk/admissions
prog_00005,uok,University of Karachi (KU),Sindh,Karachi,MS Media Studies,Masters,Media,2,16-year degree + interview.,80000,Karachi,"Research, Communication, Creative",https://uok.edu.pk/admissions
prog_00006,uok,University of Karachi (KU),Sindh,Karachi,BS Computer Science,Bachelors,CS,4,ICS/Pre-Eng ≥60% + admission test.,92000,Karachi,"Analytical, Logical, Problem-solver",https://uok.edu.pk/admissions
prog_00007,uok,University of Karachi (KU),Sindh,Karachi,BS Software Engineering,Bachelors,CS,4,ICS/Pre-Eng ≥60% + admission test.,92000,Karachi,"Analytical, Detail-oriented, Teamwork",https://uok.edu.pk/admissions
prog_00008,uok,University of Karachi (KU),Sindh,Karachi,BS Data Science,Bachelors,CS,4,ICS ≥60% + admission test.,92000,Karachi,"Analytical, Curious, Quantitative",https://uok.edu.pk/admissions
prog_00009,uok,University of Karachi (KU),Sindh,Karachi,MS Computer Science,Masters,CS,2,16-year CS/SE/IT or related + GAT/test.,92000,Karachi,"Research-minded, Persistent, Coding",https://uok.edu.pk/admissions
prog_00010,uok,University of Karachi (KU),Sindh,Karachi,PhD Computer Science,PhD,CS,3,MS/MPhil in CS or related + proposal.,92000,Karachi,"Research, Persistence, Innovation",https://uok.edu.pk/admissions
prog_00011,uok,University of Karachi (KU),Sindh,Karachi,BS Mathematics,Bachelors,Science,4,Intermediate (Math) ≥60%.,80000,Karachi,"Analytical, Logical, Abstract-thinking",https://uok.edu.pk/admissions
prog_00012,uok,University of Karachi (KU),Sindh,Karachi,BS Physics,Bachelors,Science,4,Intermediate (Pre-Eng/Science).,80000,Karachi,"Analytical, Experimental, Curious",https://uok.edu.pk/admissions
prog_00013,uok,University of Karachi (KU),Sindh,Karachi,BS Chemistry,Bachelors,Science,4,Intermediate (Pre-Med/Science).,80000,Karachi,"Analytical, Lab-safety, Detail",https://uok.edu.pk/admissions
prog_00014,uok,University of Karachi (KU),Sindh,Karachi,MS/MPhil Science,Masters,Science,2,16-year degree + test.,80000,Karachi,"Research, Analytical, Persistence",https://uok.edu.pk/admissions
prog_00015,uok,University of Karachi (KU),Sindh,Karachi,BBA,Bachelors,Business,4,Intermediate ≥50–60% + test/interview.,88000,Karachi,"Leadership, Communication, Problem-solving",https://uok.edu.pk/admissions
prog_00016,uok,University of Karachi (KU),Sindh,Karachi,BS Accounting & Finance,Bachelors,Business,4,Intermediate ≥50–60% + test.,88000,Karachi,"Quantitative, Detail-oriented, Integrity",https://uok.edu.pk/admissions
prog_00017,uok,University of Karachi (KU),Sindh,Karachi,BS Economics,Bachelors,Business,4,Intermediate ≥60% + test.,88000,Karachi,"Analytical, Quantitative, Research-minded",https://uok.edu.pk/admissions
prog_00018,uok,University of Karachi (KU),Sindh,Karachi,MBA,Masters,Business,2,16-year degree + test/interview.,88000,Karachi,"Leadership, Strategy, Communication",https://uok.edu.pk/admissions
prog_00019,uok,University of Karachi (KU),Sindh,Karachi,MS Management Sciences,Masters,Business,2,16-year degree + GAT/test.,88000,Karachi,"Research, Strategy, Quantitative",https://uok.edu.pk/admissions
prog_00020,uok,University of Karachi (KU),Sindh,Karachi,BS Psychology,Bachelors,Social-Sciences,4,Intermediate ≥50–60%.,80000,Karachi,"Empathetic, Analytical, Observant",https://uok.edu.pk/admissions
prog_00021,uok,University of Karachi (KU),Sindh,Karachi,BS International Relations,Bachelors,Social-Sciences,4,Intermediate ≥50–60%.,80000,Karachi,"Analytical, Curious, Communication",https://uok.edu.pk/admissions
prog_00022,uok,University of Karachi (KU),Sindh,Karachi,MS/MPhil Social Sciences,Masters,Social-Sciences,2,16-year degree + test.,80000,Karachi,"Research, Analytical, Writing",https://uok.edu.pk/admissions
prog_00023,ned,NED University of Engineering & Technology,Sindh,Karachi,BE Electrical Engineering,Bachelors,Engineering,4,Pre-Eng ≥60% + ECAT/entry test.,120749,Karachi,"Quantitative, Practical, Problem-solving",https://www.neduet.edu.pk/admissions
prog_00024,ned,NED University of Engineering & Technology,Sindh,Karachi,BE Mechanical Engineering,Bachelors,Engineering,4,Pre-Eng ≥60% + ECAT/entry test.,120749,Karachi,"Hands-on, Analytical, Systems-thinking",https://www.neduet.edu.pk/admissions
prog_00025,ned,NED University of Engineering & Technology,Sindh,Karachi,BE Civil Engineering,Bachelors,Engineering,4,Pre-Eng ≥60% + ECAT/entry test.,120749,Karachi,"Detail-oriented, Field-ready, Analytical",https://www.neduet.edu.pk/admissions
prog_00026,ned,NED University of Engineering & Technology,Sindh,Karachi,MS Electrical Engineering,Masters,Engineering,2,BE/BS Engg + GAT/test.,120749,Karachi,"Research, Analytical, Design",https://www.neduet.edu.pk/admissions
prog_00027,ned,NED University of Engineering & Technology,Sindh,Karachi,PhD Engineering,PhD,Engineering,3,MS/MPhil Engg + proposal.,120749,Karachi,"Research, Innovation, Persistence",https://www.neduet.edu.pk/admissions
prog_00028,ned,NED University of Engineering & Technology,Sindh,Karachi,BS Computer Science,Bachelors,CS,4,ICS/Pre-Eng ≥60% + admission test.,120749,Karachi,"Analytical, Logical, Problem-solver",https://www.neduet.edu.pk/admissions
prog_00029,ned,NED University of Engineering & Technology,Sindh,Karachi,BS Software Engineering,Bachelors,CS,4,ICS/Pre-Eng ≥60% + admission test.,120749,Karachi,"Analytical, Detail-oriented, Teamwork",https://www.neduet.edu.pk/admissions
prog_00030,ned,NED University of Engineering & Technology,Sindh,Karachi,BS Data Science,Bachelors,CS,4,ICS ≥60% + admission test.,120749,Karachi,"Analytical, Curious, Quantitative",https://www.neduet.edu.pk/admissions
prog_00031,ned,NED University of Engineering & Technology,Sindh,Karachi,MS Computer Science,Masters,CS,2,16-year CS/SE/IT or related + GAT/test.,120749,Karachi,"Research-minded, Persistent, Coding",https://www.neduet.edu.pk/admissions
prog_00032,ned,NED University of Engineering & Technology,Sindh,Karachi,PhD Computer Science,PhD,CS,3,MS/MPhil in CS or related + proposal.,120749,Karachi,"Research, Persistence, Innovation",https://www.neduet.edu.pk/admissions
prog_00033,iba-khi,IBA Karachi (Institute of Business Administration),Sindh,Karachi,BS Psychology,Bachelors,Social-Sciences,4,Intermediate ≥50–60%.,450000,Karachi,"Empathetic, Analytical, Observant",https://www.iba.edu.pk/admissions
prog_00034,iba-khi,IBA Karachi (Institute of Business Administration),Sindh,Karachi,BS International Relations,Bachelors,Social-Sciences,4,Intermediate ≥50–60%.,450000,Karachi,"Analytical, Curious, Communication",https://www.iba.edu.pk/admissions
prog_00035,iba-khi,IBA Karachi (Institute of Business Administration),Sindh,Karachi,MS/MPhil Social Sciences,Masters,Social-Sciences,2,16-year degree + test.,450000,Karachi,"Research, Analytical, Writing",https://www.iba.edu.pk/admissions
prog_00036,iba-khi,IBA Karachi (Institute of Business Administration),Sindh,Karachi,BBA,Bachelors,Business,4,Intermediate ≥50–60% + test/interview.,495000,Karachi,"Leadership, Communication, Problem-solving",https://www.iba.edu.pk/admissions
prog_00037,iba-khi,IBA Karachi (Institute of Business Administration),Sindh,Karachi,BS Accounting & Finance,Bachelors,Business,4,Intermediate ≥50–60% + test.,495000,Karachi,"Quantitative, Detail-oriented, Integrity",https://www.iba.edu.pk/admissions
prog_00038,iba-khi,IBA Karachi (Institute of Business Administration),Sindh,Karachi,BS Economics,Bachelors,Business,4,Intermediate ≥60% + test.,495000,Karachi,"Analytical, Quantitative, Research-minded",https://www.iba.edu.pk/admissions
prog_00039,iba-khi,IBA Karachi (Institute of Business Administration),Sindh,Karachi,MBA,Masters,Business,2,16-year degree + test/interview.,495000,Karachi,"Leadership, Strategy, Communication",https://www.iba.edu.pk/admissions
prog_00040,iba-khi,IBA Karachi (Institute of Business Administration),Sindh,Karachi,MS Management Sciences,Masters,Business,2,16-year degree + GAT/test.,495000,Karachi,"Research, Strategy, Quantitative",https://www.iba.edu.pk/admissions
prog_00041,iba-khi,IBA Karachi (Institute of Business Administration),Sindh,Karachi,BS Computer Science,Bachelors,CS,4,ICS/Pre-Eng ≥60% + admission test.,517499,Karachi,"Analytical, Logical, Problem-solver",https://www.iba.edu.pk/admissions
prog_00042,iba-khi,IBA Karachi (Institute of Business Administration),Sindh,Karachi,BS Software Engineering,Bachelors,CS,4,ICS/Pre-Eng ≥60% + admission test.,517499,Karachi,"Analytical, Detail-oriented, Teamwork",https://www.iba.edu.pk/admissions
prog_00043,iba-khi,IBA Karachi (Institute of Business Administration),Sindh,Karachi,BS Data Science,Bachelors,CS,4,ICS ≥60% + admission test.,517499,Karachi,"Analytical, Curious, Quantitative",https://www.iba.edu.pk/admissions
prog_00044,iba-khi,IBA Karachi (Institute of Business Administration),Sindh,Karachi,MS Computer Science,Masters,CS,2,16-year CS/SE/IT or related + GAT/test.,517499,Karachi,"Research-minded, Persistent, Coding",https://www.iba.edu.pk/admissions
prog_00045,iba-khi,IBA Karachi (Institute of Business Administration),Sindh,Karachi,PhD Computer Science,PhD,CS,3,MS/MPhil in CS or related + proposal.,517499,Karachi,"Research, Persistence, Innovation",https://www.iba.edu.pk/admissions
prog_00046,fast-khi,FAST-NUCES Karachi,Sindh,Karachi,BS Computer Science,Bachelors,CS,4,ICS/Pre-Eng ≥60% + admission test.,459999,Karachi,"Analytical, Logical, Problem-solver",https://nu.edu.pk/admissions
prog_00047,fast-khi,FAST-NUCES Karachi,Sindh,Karachi,BS Software Engineering,Bachelors,CS,4,ICS/Pre-Eng ≥60% + admission test.,459999,Karachi,"Analytical, Detail-oriented, Teamwork",https://nu.edu.pk/admissions
prog_00048,fast-khi,FAST-NUCES Karachi,Sindh,Karachi,BS Data Science,Bachelors,CS,4,ICS ≥60% + admission test.,459999,Karachi,"Analytical, Curious, Quantitative",https://nu.edu.pk/admissions
prog_00049,fast-khi,FAST-NUCES Karachi,Sindh,Karachi,MS Computer Science,Masters,CS,2,16-year CS/SE/IT or related + GAT/test.,459999,Karachi,"Research-minded, Persistent, Coding",https://nu.edu.pk/admissions
prog_00050,fast-khi,FAST-NUCES Karachi,Sindh,Karachi,PhD Computer Science,PhD,CS,3,MS/MPhil in CS or related + proposal.,459999,Karachi,"Research, Persistence, Innovation",https://nu.edu.pk/admissions
prog_00051,muet,Mehran University of Engineering & Technology (MUET),Sindh,Jamshoro,BE Electrical Engineering,Bachelors,Engineering,4,Pre-Eng ≥60% + ECAT/entry test.,97749,Jamshoro,"Quantitative, Practical, Problem-solving",https://www.muet.edu.pk/admissions
prog_00052,muet,Mehran University of Engineering & Technology (MUET),Sindh,Jamshoro,BE Mechanical Engineering,Bachelors,Engineering,4,Pre-Eng ≥60% + ECAT/entry test.,97749,Jamshoro,"Hands-on, Analytical, Systems-thinking",https://www.muet.edu.pk/admissions
prog_00053,muet,Mehran University of Engineering & Technology (MUET),Sindh,Jamshoro,BE Civil Engineering,Bachelors,Engineering,4,Pre-Eng ≥60% + ECAT/entry test.,97749,Jamshoro,"Detail-oriented, Field-ready, Analytical",https://www.muet.edu.pk/admissions
prog_00054,muet,Mehran University of Engineering & Technology (MUET),Sindh,Jamshoro,MS Electrical Engineering,Masters,Engineering,2,BE/BS Engg + GAT/test.,97749,Jamshoro,"Research, Analytical, Design",https://www.muet.edu.pk/admissions
prog_00055,muet,Mehran University of Engineering & Technology (MUET),Sindh,Jamshoro,PhD Engineering,PhD,Engineering,3,MS/MPhil Engg + proposal.,97749,Jamshoro,"Research, Innovation, Persistence",https://www.muet.edu.pk/admissions
prog_00056,muet,Mehran University of Engineering & Technology (MUET),Sindh,Jamshoro,BS Computer Science,Bachelors,CS,4,ICS/Pre-Eng ≥60% + admission test.,97749,Jamshoro,"Analytical, Logical, Problem-solver",https://www.muet.edu.pk/admissions
prog_00057,muet,Mehran University of Engineering & Technology (MUET),Sindh,Jamshoro,BS Software Engineering,Bachelors,CS,4,ICS/Pre-Eng ≥60% + admission test.,97749,Jamshoro,"Analytical, Detail-oriented, Teamwork",https://www.muet.edu.pk/admissions
prog_00058,muet,Mehran University of Engineering & Technology (MUET),Sindh,Jamshoro,BS Data Science,Bachelors,CS,4,ICS ≥60% + admission test.,97749,Jamshoro,"Analytical, Curious, Quantitative",https://www.muet.edu.pk/admissions
prog_00059,muet,Mehran University of Engineering & Technology (MUET),Sindh,Jamshoro,MS Computer Science,Masters,CS,2,16-year CS/SE/IT or related + GAT/test.,97749,Jamshoro,"Research-minded, Persistent, Coding",https://www.muet.edu.pk/admissions
prog_00060,muet,Mehran University of Engineering & Technology (MUET),Sindh,Jamshoro,PhD Computer Science,PhD,CS,3,MS/MPhil in CS or related + proposal.,97749,Jamshoro,"Research, Persistence, Innovation",https://www.muet.edu.pk/admissions
prog_00061,duhs,Dow University of Health Sciences (DUHS),Sindh,Karachi,Pharm-D (Doctor of Pharmacy),Bachelors,Health,5,Pre-Med + test.,780000,Karachi,"Detail, Integrity, Patient-care",https://www.duhs.edu.pk/admissions
prog_00062,duhs,Dow University of Health Sciences (DUHS),Sindh,Karachi,BS Nursing,Bachelors,Health,4,Pre-Med/Science + test.,780000,Karachi,"Empathy, Discipline, Observant",https://www.duhs.edu.pk/admissions
prog_00063,duhs,Dow University of Health Sciences (DUHS),Sindh,Karachi,DPT (Doctor of Physical Therapy),Bachelors,Health,5,Pre-Med + test.,780000,Karachi,"Empathetic, Patient, Physically active",https://www.duhs.edu.pk/admissions
prog_00064,duhs,Dow University of Health Sciences (DUHS),Sindh,Karachi,MBBS,Bachelors,Medical,5,PMC/NUMS/provincial medical entry; high merit.,1040000,Karachi,"Empathetic, Composed, Observant",https://www.duhs.edu.pk/admissions
prog_00065,duhs,Dow University of Health Sciences (DUHS),Sindh,Karachi,BDS (Dentistry),Bachelors,Medical,4,PMC/NUMS/provincial medical entry; high merit.,1040000,Karachi,"Dexterous, Patient, Detail",https://www.duhs.edu.pk/admissions
prog_00066,duhs,Dow University of Health Sciences (DUHS),Sindh,Karachi,MPhil (Basic Medical Sciences),Masters,Medical,2,MBBS/BS + test.,1040000,Karachi,"Research, Analytical, Ethical",https://www.duhs.edu.pk/admissions
prog_00067,aku,Aga Khan University (AKU),Sindh,Karachi,B.Ed (Hons),Bachelors,Education,4,Intermediate ≥50–60%.,1700000,Karachi,"Communicative, Patient, Organized",https://www.aku.edu/admissions
prog_00068,aku,Aga Khan University (AKU),Sindh,Karachi,M.Ed / MS Education,Masters,Education,2,16-year degree + test.,1700000,Karachi,"Leadership, Pedagogy, Research",https://www.aku.edu/admissions
prog_00069,aku,Aga Khan University (AKU),Sindh,Karachi,MBBS,Bachelors,Medical,5,PMC/NUMS/provincial medical entry; high merit.,2720000,Karachi,"Empathetic, Composed, Observant",https://www.aku.edu/admissions
prog_00070,aku,Aga Khan University (AKU),Sindh,Karachi,BDS (Dentistry),Bachelors,Medical,4,PMC/NUMS/provincial medical entry; high merit.,2720000,Karachi,"Dexterous, Patient, Detail",https://www.aku.edu/admissions
prog_00071,aku,Aga Khan University (AKU),Sindh,Karachi,MPhil (Basic Medical Sciences),Masters,Medical,2,MBBS/BS + test.,2720000,Karachi,"Research, Analytical, Ethical",https://www.aku.edu/admissions
prog_00072,pu-lhr,University of the Punjab (PU),Punjab,Lahore,B.Design (Communication),Bachelors,Design,4,Intermediate + portfolio/interview.,92000,Lahore,"Creative, Visual, Conceptual",https://pu.edu.pk/admissions
prog_00073,pu-lhr,University of the Punjab (PU),Punjab,Lahore,B.Architecture,Bachelors,Design,5,Intermediate + aptitude + interview.,92000,Lahore,"Creative, Spatial, Detail-oriented",https://pu.edu.pk/admissions
prog_00074,pu-lhr,University of the Punjab (PU),Punjab,Lahore,M.Architecture/Design,Masters,Design,2,B.Arch/B.Design + portfolio.,92000,Lahore,"Creative, Research, Systems-thinking",https://pu.edu.pk/admissions
prog_00075,pu-lhr,University of the Punjab (PU),Punjab,Lahore,BS Computer Science,Bachelors,CS,4,ICS/Pre-Eng ≥60% + admission test.,92000,Lahore,"Analytical, Logical, Problem-solver",https://pu.edu.pk/admissions
prog_00076,pu-lhr,University of the Punjab (PU),Punjab,Lahore,BS Software Engineering,Bachelors,CS,4,ICS/Pre-Eng ≥60% + admission test.,92000,Lahore,"Analytical, Detail-oriented, Teamwork",https://pu.edu.pk/admissions
prog_00077,pu-lhr,University of the Punjab (PU),Punjab,Lahore,BS Data Science,Bachelors,CS,4,ICS ≥60% + admission test.,92000,Lahore,"Analytical, Curious, Quantitative",https://pu.edu.pk/admissions
prog_00078,pu-lhr,University of the Punjab (PU),Punjab,Lahore,MS Computer Science,Masters,CS,2,16-year CS/SE/IT or related + GAT/test.,92000,Lahore,"Research-minded, Persistent, Coding",https://pu.edu.pk/admissions
prog_00079,pu-lhr,University of the Punjab (PU),Punjab,Lahore,PhD Computer Science,PhD,CS,3,MS/MPhil in CS or related + proposal.,92000,Lahore,"Research, Persistence, Innovation",https://pu.edu.pk/admissions
prog_00080,pu-lhr,University of the Punjab (PU),Punjab,Lahore,BS Mathematics,Bachelors,Science,4,Intermediate (Math) ≥60%.,80000,Lahore,"Analytical, Logical, Abstract-thinking",https://pu.edu.pk/admissions
prog_00081,pu-lhr,University of the Punjab (PU),Punjab,Lahore,BS Physics,Bachelors,Science,4,Intermediate (Pre-Eng/Science).,80000,Lahore,"Analytical, Experimental, Curious",https://pu.edu.pk/admissions
prog_00082,pu-lhr,University of the Punjab (PU),Punjab,Lahore,BS Chemistry,Bachelors,Science,4,Intermediate (Pre-Med/Science).,80000,Lahore,"Analytical, Lab-safety, Detail",https://pu.edu.pk/admissions
prog_00083,pu-lhr,University of the Punjab (PU),Punjab,Lahore,MS/MPhil Science,Masters,Science,2,16-year degree + test.,80000,Lahore,"Research, Analytical, Persistence",https://pu.edu.pk/admissions
prog_00084,pu-lhr,University of the Punjab (PU),Punjab,Lahore,BBA,Bachelors,Business,4,Intermediate ≥50–60% + test/interview.,88000,Lahore,"Leadership, Communication, Problem-solving",https://pu.edu.pk/admissions
prog_00085,pu-lhr,University of the Punjab (PU),Punjab,Lahore,BS Accounting & Finance,Bachelors,Business,4,Intermediate ≥50–60% + test.,88000,Lahore,"Quantitative, Detail-oriented, Integrity",https://pu.edu.pk/admissions
prog_00086,pu-lhr,University of the Punjab (PU),Punjab,Lahore,BS Economics,Bachelors,Business,4,Intermediate ≥60% + test.,88000,Lahore,"Analytical, Quantitative, Research-minded",https://pu.edu.pk/admissions
prog_00087,pu-lhr,University of the Punjab (PU),Punjab,Lahore,MBA,Masters,Business,2,16-year degree + test/interview.,88000,Lahore,"Leadership, Strategy, Communication",https://pu.edu.pk/admissions
prog_00088,pu-lhr,University of the Punjab (PU),Punjab,Lahore,MS Management Sciences,Masters,Business,2,16-year degree + GAT/test.,88000,Lahore,"Research, Strategy, Quantitative",https://pu.edu.pk/admissions
prog_00089,pu-lhr,University of the Punjab (PU),Punjab,Lahore,BS Psychology,Bachelors,Social-Sciences,4,Intermediate ≥50–60%.,80000,Lahore,"Empathetic, Analytical, Observant",https://pu.edu.pk/admissions
prog_00090,pu-lhr,University of the Punjab (PU),Punjab,Lahore,BS International Relations,Bachelors,Social-Sciences,4,Intermediate ≥50–60%.,80000,Lahore,"Analytical, Curious, Communication",https://pu.edu.pk/admissions
prog_00091,pu-lhr,University of the Punjab (PU),Punjab,Lahore,MS/MPhil Social Sciences,Masters,Social-Sciences,2,16-year degree + test.,80000,Lahore,"Research, Analytical, Writing",https://pu.edu.pk/admissions
prog_00092,pu-lhr,University of the Punjab (PU),Punjab,Lahore,LLB (5-year),Bachelors,Law,5,Intermediate ≥50–60% + test.,80000,Lahore,"Analytical, Verbal, Ethical",https://pu.edu.pk/admissions
prog_00093,pu-lhr,University of the Punjab (PU),Punjab,Lahore,LLM,Masters,Law,2,LLB + test/interview.,80000,Lahore,"Analytical, Writing, Research",https://pu.edu.pk/admissions
prog_00094,uet-lhr,UET Lahore,Punjab,Lahore,BE Electrical Engineering,Bachelors,Engineering,4,Pre-Eng ≥60% + ECAT/entry test.,114999,Lahore,"Quantitative, Practical, Problem-solving",https://admission.uet.edu.pk/
prog_00095,uet-lhr,UET Lahore,Punjab,Lahore,BE Mechanical Engineering,Bachelors,Engineering,4,Pre-Eng ≥60% + ECAT/entry test.,114999,Lahore,"Hands-on, Analytical, Systems-thinking",https://admission.uet.edu.pk/
prog_00096,uet-lhr,UET Lahore,Punjab,Lahore,BE Civil Engineering,Bachelors,Engineering,4,Pre-Eng ≥60% + ECAT/entry test.,114999,Lahore,"Detail-oriented, Field-ready, Analytical",https://admission.uet.edu.pk/
prog_00097,uet-lhr,UET Lahore,Punjab,Lahore,MS Electrical Engineering,Masters,Engineering,2,BE/BS Engg + GAT/test.,114999,Lahore,"Research, Analytical, Design",https://admission.uet.edu.pk/
prog_00098,uet-lhr,UET Lahore,Punjab,Lahore,PhD Engineering,PhD,Engineering,3,MS/MPhil Engg + proposal.,114999,Lahore,"Research, Innovation, Persistence",https://admission.uet.edu.pk/
prog_00099,uet-lhr,UET Lahore,Punjab,Lahore,BS Computer Science,Bachelors,CS,4,ICS/Pre-Eng ≥60% + admission test.,114999,Lahore,"Analytical, Logical, Problem-solver",https://admission.uet.edu.pk/
prog_00100,uet-lhr,UET Lahore,Punjab,Lahore,BS Software Engineering,Bachelors,CS,4,ICS/Pre-Eng ≥60% + admission test.,114999,Lahore,"Analytical, Detail-oriented, Teamwork",https://admission.uet.edu.pk/
prog_00101,uet-lhr,UET Lahore,Punjab,Lahore,BS Data Science,Bachelors,CS,4,ICS ≥60% + admission test.,114999,Lahore,"Analytical, Curious, Quantitative",https://admission.uet.edu.pk/
prog_00102,uet-lhr,UET Lahore,Punjab,Lahore,MS Computer Science,Masters,CS,2,16-year CS/SE/IT or related + GAT/test.,114999,Lahore,"Research-minded, Persistent, Coding",https://admission.uet.edu.pk/
prog_00103,uet-lhr,UET Lahore,Punjab,Lahore,PhD Computer Science,PhD,CS,3,MS/MPhil in CS or related + proposal.,114999,Lahore,"Research, Persistence, Innovation",https://admission.uet.edu.pk/
prog_00104,kemu,King Edward Medical University (KEMU),Punjab,Lahore,MBBS,Bachelors,Medical,5,PMC/NUMS/provincial medical entry; high merit.,1040000,Lahore,"Empathetic, Composed, Observant",https://kemu.edu.pk/admissions
prog_00105,kemu,King Edward Medical University (KEMU),Punjab,Lahore,BDS (Dentistry),Bachelors,Medical,4,PMC/NUMS/provincial medical entry; high merit.,1040000,Lahore,"Dexterous, Patient, Detail",https://kemu.edu.pk/admissions
prog_00106,kemu,King Edward Medical University (KEMU),Punjab,Lahore,MPhil (Basic Medical Sciences),Masters,Medical,2,MBBS/BS + test.,1040000,Lahore,"Research, Analytical, Ethical",https://kemu.edu.pk/admissions
prog_00107,lums,LUMS,Punjab,Lahore,BE Electrical Engineering,Bachelors,Engineering,4,Pre-Eng ≥60% + ECAT/entry test.,1265000,Lahore,"Quantitative, Practical, Problem-solving",https://admissions.lums.edu.pk/
prog_00108,lums,LUMS,Punjab,Lahore,BE Mechanical Engineering,Bachelors,Engineering,4,Pre-Eng ≥60% + ECAT/entry test.,1265000,Lahore,"Hands-on, Analytical, Systems-thinking",https://admissions.lums.edu.pk/
prog_00109,lums,LUMS,Punjab,Lahore,BE Civil Engineering,Bachelors,Engineering,4,Pre-Eng ≥60% + ECAT/entry test.,1265000,Lahore,"Detail-oriented, Field-ready, Analytical",https://admissions.lums.edu.pk/
prog_00110,lums,LUMS,Punjab,Lahore,MS Electrical Engineering,Masters,Engineering,2,BE/BS Engg + GAT/test.,1265000,Lahore,"Research, Analytical, Design",https://admissions.lums.edu.pk/
prog_00111,lums,LUMS,Punjab,Lahore,PhD Engineering,PhD,Engineering,3,MS/MPhil Engg + proposal.,1265000,Lahore,"Research, Innovation, Persistence",https://admissions.lums.edu.pk/
prog_00112,lums,LUMS,Punjab,Lahore,BS Psychology,Bachelors,Social-Sciences,4,Intermediate ≥50–60%.,1100000,Lahore,"Empathetic, Analytical, Observant",https://admissions.lums.edu.pk/
prog_00113,lums,LUMS,Punjab,Lahore,BS International Relations,Bachelors,Social-Sciences,4,Intermediate ≥50–60%.,1100000,Lahore,"Analytical, Curious, Communication",https://admissions.lums.edu.pk/
prog_00114,lums,LUMS,Punjab,Lahore,MS/MPhil Social Sciences,Masters,Social-Sciences,2,16-year degree + test.,1100000,Lahore,"Research, Analytical, Writing",https://admissions.lums.edu.pk/
prog_00115,lums,LUMS,Punjab,Lahore,BBA,Bachelors,Business,4,Intermediate ≥50–60% + test/interview.,1210000,Lahore,"Leadership, Communication, Problem-solving",https://admissions.lums.edu.pk/
prog_00116,lums,LUMS,Punjab,Lahore,BS Accounting & Finance,Bachelors,Business,4,Intermediate ≥50–60% + test.,1210000,Lahore,"Quantitative, Detail-oriented, Integrity",https://admissions.lums.edu.pk/
prog_00117,lums,LUMS,Punjab,Lahore,BS Economics,Bachelors,Business,4,Intermediate ≥60% + test.,1210000,Lahore,"Analytical, Quantitative, Research-minded",https://admissions.lums.edu.pk/
prog_00118,lums,LUMS,Punjab,Lahore,MBA,Masters,Business,2,16-year degree + test/interview.,1210000,Lahore,"Leadership, Strategy, Communication",https://admissions.lums.edu.pk/
prog_00119,lums,LUMS,Punjab,Lahore,MS Management Sciences,Masters,Business,2,16-year degree + GAT/test.,1210000,Lahore,"Research, Strategy, Quantitative",https://admissions.lums.edu.pk/
prog_00120,lums,LUMS,Punjab,Lahore,BS Computer Science,Bachelors,CS,4,ICS/Pre-Eng ≥60% + admission test.,1265000,Lahore,"Analytical, Logical, Problem-solver",https://admissions.lums.edu.pk/
prog_00121,lums,LUMS,Punjab,Lahore,BS Software Engineering,Bachelors,CS,4,ICS/Pre-Eng ≥60% + admission test.,1265000,Lahore,"Analytical, Detail-oriented, Teamwork",https://admissions.lums.edu.pk/
prog_00122,lums,LUMS,Punjab,Lahore,BS Data Science,Bachelors,CS,4,ICS ≥60% + admission test.,1265000,Lahore,"Analytical, Curious, Quantitative",https://admissions.lums.edu.pk/
prog_00123,lums,LUMS,Punjab,Lahore,MS Computer Science,Masters,CS,2,16-year CS/SE/IT or related + GAT/test.,1265000,Lahore,"Research-minded, Persistent, Coding",https://admissions.lums.edu.pk/
prog_00124,lums,LUMS,Punjab,Lahore,PhD Computer Science,PhD,CS,3,MS/MPhil in CS or related + proposal.,1265000,Lahore,"Research, Persistence, Innovation",https://admissions.lums.edu.pk/
prog_00125,giki,GIK Institute of Engineering Sciences & Technology,Khyber Pakhtunkhwa,Topi,BE Electrical Engineering,Bachelors,Engineering,4,Pre-Eng ≥60% + ECAT/entry test.,1092500,Topi,"Quantitative, Practical, Problem-solving",https://admissions.giki.edu.pk/
prog_00126,giki,GIK Institute of Engineering Sciences & Technology,Khyber Pakhtunkhwa,Topi,BE Mechanical Engineering,Bachelors,Engineering,4,Pre-Eng ≥60% + ECAT/entry test.,1092500,Topi,"Hands-on, Analytical, Systems-thinking",https://admissions.giki.edu.pk/
prog_00127,giki,GIK Institute of Engineering Sciences & Technology,Khyber Pakhtunkhwa,Topi,BE Civil Engineering,Bachelors,Engineering,4,Pre-Eng ≥60% + ECAT/entry test.,1092500,Topi,"Detail-oriented, Field-ready, Analytical",https://admissions.giki.edu.pk/
prog_00128,giki,GIK Institute of Engineering Sciences & Technology,Khyber Pakhtunkhwa,Topi,MS Electrical Engineering,Masters,Engineering,2,BE/BS Engg + GAT/test.,1092500,Topi,"Research, Analytical, Design",https://admissions.giki.edu.pk/
prog_00129,giki,GIK Institute of Engineering Sciences & Technology,Khyber Pakhtunkhwa,Topi,PhD Engineering,PhD,Engineering,3,MS/MPhil Engg + proposal.,1092500,Topi,"Research, Innovation, Persistence",https://admissions.giki.edu.pk/
prog_00130,giki,GIK Institute of Engineering Sciences & Technology,Khyber Pakhtunkhwa,Topi,BS Computer Science,Bachelors,CS,4,ICS/Pre-Eng ≥60% + admission test.,1092500,Topi,"Analytical, Logical, Problem-solver",https://admissions.giki.edu.pk/
prog_00131,giki,GIK Institute of Engineering Sciences & Technology,Khyber Pakhtunkhwa,Topi,BS Software Engineering,Bachelors,CS,4,ICS/Pre-Eng ≥60% + admission test.,1092500,Topi,"Analytical, Detail-oriented, Teamwork",https://admissions.giki.edu.pk/
prog_00132,giki,GIK Institute of Engineering Sciences & Technology,Khyber Pakhtunkhwa,Topi,BS Data Science,Bachelors,CS,4,ICS ≥60% + admission test.,1092500,Topi,"Analytical, Curious, Quantitative",https://admissions.giki.edu.pk/
prog_00133,giki,GIK Institute of Engineering Sciences & Technology,Khyber Pakhtunkhwa,Topi,MS Computer Science,Masters,CS,2,16-year CS/SE/IT or related + GAT/test.,1092500,Topi,"Research-minded, Persistent, Coding",https://admissions.giki.edu.pk/
prog_00134,giki,GIK Institute of Engineering Sciences & Technology,Khyber Pakhtunkhwa,Topi,PhD Computer Science,PhD,CS,3,MS/MPhil in CS or related + proposal.,1092500,Topi,"Research, Persistence, Innovation",https://admissions.giki.edu.pk/
prog_00135,nust,National University of Sciences & Technology (NUST),Islamabad Capital Territory,Islamabad,BE Electrical Engineering,Bachelors,Engineering,4,Pre-Eng ≥60% + ECAT/entry test.,632500,Islamabad,"Quantitative, Practical, Problem-solving",https://ugadmissions.nust.edu.pk/
prog_00136,nust,National University of Sciences & Technology (NUST),Islamabad Capital Territory,Islamabad,BE Mechanical Engineering,Bachelors,Engineering,4,Pre-Eng ≥60% + ECAT/entry test.,632500,Islamabad,"Hands-on, Analytical, Systems-thinking",https://ugadmissions.nust.edu.pk/
prog_00137,nust,National University of Sciences & Technology (NUST),Islamabad Capital Territory,Islamabad,BE Civil Engineering,Bachelors,Engineering,4,Pre-Eng ≥60% + ECAT/entry test.,632500,Islamabad,"Detail-oriented, Field-ready, Analytical",https://ugadmissions.nust.edu.pk/
prog_00138,nust,National University of Sciences & Technology (NUST),Islamabad Capital Territory,Islamabad,MS Electrical Engineering,Masters,Engineering,2,BE/BS Engg + GAT/test.,632500,Islamabad,"Research, Analytical, Design",https://ugadmissions.nust.edu.pk/
prog_00139,nust,National University of Sciences & Technology (NUST),Islamabad Capital Territory,Islamabad,PhD Engineering,PhD,Engineering,3,MS/MPhil Engg + proposal.,632500,Islamabad,"Research, Innovation, Persistence",https://ugadmissions.nust.edu.pk/
prog_00140,nust,National University of Sciences & Technology (NUST),Islamabad Capital Territory,Islamabad,BS Psychology,Bachelors,Social-Sciences,4,Intermediate ≥50–60%.,550000,Islamabad,"Empathetic, Analytical, Observant",https://ugadmissions.nust.edu.pk/
prog_00141,nust,National University of Sciences & Technology (NUST),Islamabad Capital Territory,Islamabad,BS International Relations,Bachelors,Social-Sciences,4,Intermediate ≥50–60%.,550000,Islamabad,"Analytical, Curious, Communication",https://ugadmissions.nust.edu.pk/
prog_00142,nust,National University of Sciences & Technology (NUST),Islamabad Capital Territory,Islamabad,MS/MPhil Social Sciences,Masters,Social-Sciences,2,16-year degree + test.,550000,Islamabad,"Research, Analytical, Writing",https://ugadmissions.nust.edu.pk/
prog_00143,nust,National University of Sciences & Technology (NUST),Islamabad Capital Territory,Islamabad,BBA,Bachelors,Business,4,Intermediate ≥50–60% + test/interview.,605000,Islamabad,"Leadership, Communication, Problem-solving",https://ugadmissions.nust.edu.pk/
prog_00144,nust,National University of Sciences & Technology (NUST),Islamabad Capital Territory,Islamabad,BS Accounting & Finance,Bachelors,Business,4,Intermediate ≥50–60% + test.,605000,Islamabad,"Quantitative, Detail-oriented, Integrity",https://ugadmissions.nust.edu.pk/
prog_00145,nust,National University of Sciences & Technology (NUST),Islamabad Capital Territory,Islamabad,BS Economics,Bachelors,Business,4,Intermediate ≥60% + test.,605000,Islamabad,"Analytical, Quantitative, Research-minded",https://ugadmissions.nust.edu.pk/
prog_00146,nust,National University of Sciences & Technology (NUST),Islamabad Capital Territory,Islamabad,MBA,Masters,Business,2,16-year degree + test/interview.,605000,Islamabad,"Leadership, Strategy, Communication",https://ugadmissions.nust.edu.pk/
prog_00147,nust,National University of Sciences & Technology (NUST),Islamabad Capital Territory,Islamabad,MS Management Sciences,Masters,Business,2,16-year degree + GAT/test.,605000,Islamabad,"Research, Strategy, Quantitative",https://ugadmissions.nust.edu.pk/
prog_00148,nust,National University of Sciences & Technology (NUST),Islamabad Capital Territory,Islamabad,BS Computer Science,Bachelors,CS,4,ICS/Pre-Eng ≥60% + admission test.,632500,Islamabad,"Analytical, Logical, Problem-solver",https://ugadmissions.nust.edu.pk/
prog_00149,nust,National University of Sciences & Technology (NUST),Islamabad Capital Territory,Islamabad,BS Software Engineering,Bachelors,CS,4,ICS/Pre-Eng ≥60% + admission test.,632500,Islamabad,"Analytical, Detail-oriented, Teamwork",https://ugadmissions.nust.edu.pk/
prog_00150,nust,National University of Sciences & Technology (NUST),Islamabad Capital Territory,Islamabad,BS Data Science,Bachelors,CS,4,ICS ≥60% + admission test.,632500,Islamabad,"Analytical, Curious, Quantitative",https://ugadmissions.nust.edu.pk/
prog_00151,nust,National University of Sciences & Technology (NUST),Islamabad Capital Territory,Islamabad,MS Computer Science,Masters,CS,2,16-year CS/SE/IT or related + GAT/test.,632500,Islamabad,"Research-minded, Persistent, Coding",https://ugadmissions.nust.edu.pk/
prog_00152,nust,National University of Sciences & Technology (NUST),Islamabad Capital Territory,Islamabad,PhD Computer Science,PhD,CS,3,MS/MPhil in CS or related + proposal.,632500,Islamabad,"Research, Persistence, Innovation",https://ugadmissions.nust.edu.pk/
prog_00153,qau,Quaid-i-Azam University (QAU),Islamabad Capital Territory,Islamabad,BS Psychology,Bachelors,Social-Sciences,4,Intermediate ≥50–60%.,100000,Islamabad,"Empathetic, Analytical, Observant",https://qau.edu.pk/admissions
prog_00154,qau,Quaid-i-Azam University (QAU),Islamabad Capital Territory,Islamabad,BS International Relations,Bachelors,Social-Sciences,4,Intermediate ≥50–60%.,100000,Islamabad,"Analytical, Curious, Communication",https://qau.edu.pk/admissions
prog_00155,qau,Quaid-i-Azam University (QAU),Islamabad Capital Territory,Islamabad,MS/MPhil Social Sciences,Masters,Social-Sciences,2,16-year degree + test.,100000,Islamabad,"Research, Analytical, Writing",https://qau.edu.pk/admissions
prog_00156,qau,Quaid-i-Azam University (QAU),Islamabad Capital Territory,Islamabad,BBA,Bachelors,Business,4,Intermediate ≥50–60% + test/interview.,110000,Islamabad,"Leadership, Communication, Problem-solving",https://qau.edu.pk/admissions
prog_00157,qau,Quaid-i-Azam University (QAU),Islamabad Capital Territory,Islamabad,BS Accounting & Finance,Bachelors,Business,4,Intermediate ≥50–60% + test.,110000,Islamabad,"Quantitative, Detail-oriented, Integrity",https://qau.edu.pk/admissions
prog_00158,qau,Quaid-i-Azam University (QAU),Islamabad Capital Territory,Islamabad,BS Economics,Bachelors,Business,4,Intermediate ≥60% + test.,110000,Islamabad,"Analytical, Quantitative, Research-minded",https://qau.edu.pk/admissions
prog_00159,qau,Quaid-i-Azam University (QAU),Islamabad Capital Territory,Islamabad,MBA,Masters,Business,2,16-year degree + test/interview.,110000,Islamabad,"Leadership, Strategy, Communication",https://qau.edu.pk/admissions
prog_00160,qau,Quaid-i-Azam University (QAU),Islamabad Capital Territory,Islamabad,MS Management Sciences,Masters,Business,2,16-year degree + GAT/test.,110000,Islamabad,"Research, Strategy, Quantitative",https://qau.edu.pk/admissions
prog_00161,qau,Quaid-i-Azam University (QAU),Islamabad Capital Territory,Islamabad,BS Computer Science,Bachelors,CS,4,ICS/Pre-Eng ≥60% + admission test.,114999,Islamabad,"Analytical, Logical, Problem-solver",https://qau.edu.pk/admissions
prog_00162,qau,Quaid-i-Azam University (QAU),Islamabad Capital Territory,Islamabad,BS Software Engineering,Bachelors,CS,4,ICS/Pre-Eng ≥60% + admission test.,114999,Islamabad,"Analytical, Detail-oriented, Teamwork",https://qau.edu.pk/admissions
prog_00163,qau,Quaid-i-Azam University (QAU),Islamabad Capital Territory,Islamabad,BS Data Science,Bachelors,CS,4,ICS ≥60% + admission test.,114999,Islamabad,"Analytical, Curious, Quantitative",https://qau.edu.pk/admissions
prog_00164,qau,Quaid-i-Azam University (QAU),Islamabad Capital Territory,Islamabad,MS Computer Science,Masters,CS,2,16-year CS/SE/IT or related + GAT/test.,114999,Islamabad,"Research-minded, Persistent, Coding",https://qau.edu.pk/admissions
prog_00165,qau,Quaid-i-Azam University (QAU),Islamabad Capital Territory,Islamabad,PhD Computer Science,PhD,CS,3,MS/MPhil in CS or related + proposal.,114999,Islamabad,"Research, Persistence, Innovation",https://qau.edu.pk/admissions
prog_00166,qau,Quaid-i-Azam University (QAU),Islamabad Capital Territory,Islamabad,BS Mathematics,Bachelors,Science,4,Intermediate (Math) ≥60%.,100000,Islamabad,"Analytical, Logical, Abstract-thinking",https://qau.edu.pk/admissions
prog_00167,qau,Quaid-i-Azam University (QAU),Islamabad Capital Territory,Islamabad,BS Physics,Bachelors,Science,4,Intermediate (Pre-Eng/Science).,100000,Islamabad,"Analytical, Experimental, Curious",https://qau.edu.pk/admissions
prog_00168,qau,Quaid-i-Azam University (QAU),Islamabad Capital Territory,Islamabad,BS Chemistry,Bachelors,Science,4,Intermediate (Pre-Med/Science).,100000,Islamabad,"Analytical, Lab-safety, Detail",https://qau.edu.pk/admissions
prog_00169,qau,Quaid-i-Azam University (QAU),Islamabad Capital Territory,Islamabad,MS/MPhil Science,Masters,Science,2,16-year degree + test.,100000,Islamabad,"Research, Analytical, Persistence",https://qau.edu.pk/admissions
prog_00170,shifa,Shifa Tameer-e-Millat University,Islamabad Capital Territory,Islamabad,Pharm-D (Doctor of Pharmacy),Bachelors,Health,5,Pre-Med + test.,960000,Islamabad,"Detail, Integrity, Patient-care",https://stmu.edu.pk/admissions
prog_00171,shifa,Shifa Tameer-e-Millat University,Islamabad Capital Territory,Islamabad,BS Nursing,Bachelors,Health,4,Pre-Med/Science + test.,960000,Islamabad,"Empathy, Discipline, Observant",https://stmu.edu.pk/admissions
prog_00172,shifa,Shifa Tameer-e-Millat University,Islamabad Capital Territory,Islamabad,DPT (Doctor of Physical Therapy),Bachelors,Health,5,Pre-Med + test.,960000,Islamabad,"Empathetic, Patient, Physically active",https://stmu.edu.pk/admissions
prog_00173,shifa,Shifa Tameer-e-Millat University,Islamabad Capital Territory,Islamabad,MBBS,Bachelors,Medical,5,PMC/NUMS/provincial medical entry; high merit.,1280000,Islamabad,"Empathetic, Composed, Observant",https://stmu.edu.pk/admissions
prog_00174,shifa,Shifa Tameer-e-Millat University,Islamabad Capital Territory,Islamabad,BDS (Dentistry),Bachelors,Medical,4,PMC/NUMS/provincial medical entry; high merit.,1280000,Islamabad,"Dexterous, Patient, Detail",https://stmu.edu.pk/admissions
prog_00175,shifa,Shifa Tameer-e-Millat University,Islamabad Capital Territory,Islamabad,MPhil (Basic Medical Sciences),Masters,Medical,2,MBBS/BS + test.,1280000,Islamabad,"Research, Analytical, Ethical",https://stmu.edu.pk/admissions
prog_00176,buitems,BUITEMS Quetta,Balochistan,Quetta,BE Electrical Engineering,Bachelors,Engineering,4,Pre-Eng ≥60% + ECAT/entry test.,120749,Quetta,"Quantitative, Practical, Problem-solving",https://admissions.buitms.edu.pk/
prog_00177,buitems,BUITEMS Quetta,Balochistan,Quetta,BE Mechanical Engineering,Bachelors,Engineering,4,Pre-Eng ≥60% + ECAT/entry test.,120749,Quetta,"Hands-on, Analytical, Systems-thinking",https://admissions.buitms.edu.pk/
prog_00178,buitems,BUITEMS Quetta,Balochistan,Quetta,BE Civil Engineering,Bachelors,Engineering,4,Pre-Eng ≥60% + ECAT/entry test.,120749,Quetta,"Detail-oriented, Field-ready, Analytical",https://admissions.buitms.edu.pk/
prog_00179,buitems,BUITEMS Quetta,Balochistan,Quetta,MS Electrical Engineering,Masters,Engineering,2,BE/BS Engg + GAT/test.,120749,Quetta,"Research, Analytical, Design",https://admissions.buitms.edu.pk/
prog_00180,buitems,BUITEMS Quetta,Balochistan,Quetta,PhD Engineering,PhD,Engineering,3,MS/MPhil Engg + proposal.,120749,Quetta,"Research, Innovation, Persistence",https://admissions.buitms.edu.pk/
prog_00181,buitems,BUITEMS Quetta,Balochistan,Quetta,BS Psychology,Bachelors,Social-Sciences,4,Intermediate ≥50–60%.,105000,Quetta,"Empathetic, Analytical, Observant",https://admissions.buitms.edu.pk/
prog_00182,buitems,BUITEMS Quetta,Balochistan,Quetta,BS International Relations,Bachelors,Social-Sciences,4,Intermediate ≥50–60%.,105000,Quetta,"Analytical, Curious, Communication",https://admissions.buitms.edu.pk/
prog_00183,buitems,BUITEMS Quetta,Balochistan,Quetta,MS/MPhil Social Sciences,Masters,Social-Sciences,2,16-year degree + test.,105000,Quetta,"Research, Analytical, Writing",https://admissions.buitms.edu.pk/
prog_00184,buitems,BUITEMS Quetta,Balochistan,Quetta,BBA,Bachelors,Business,4,Intermediate ≥50–60% + test/interview.,115500,Quetta,"Leadership, Communication, Problem-solving",https://admissions.buitms.edu.pk/
prog_00185,buitems,BUITEMS Quetta,Balochistan,Quetta,BS Accounting & Finance,Bachelors,Business,4,Intermediate ≥50–60% + test.,115500,Quetta,"Quantitative, Detail-oriented, Integrity",https://admissions.buitms.edu.pk/
prog_00186,buitems,BUITEMS Quetta,Balochistan,Quetta,BS Economics,Bachelors,Business,4,Intermediate ≥60% + test.,115500,Quetta,"Analytical, Quantitative, Research-minded",https://admissions.buitms.edu.pk/
prog_00187,buitems,BUITEMS Quetta,Balochistan,Quetta,MBA,Masters,Business,2,16-year degree + test/interview.,115500,Quetta,"Leadership, Strategy, Communication",https://admissions.buitms.edu.pk/
prog_00188,buitems,BUITEMS Quetta,Balochistan,Quetta,MS Management Sciences,Masters,Business,2,16-year degree + GAT/test.,115500,Quetta,"Research, Strategy, Quantitative",https://admissions.buitms.edu.pk/
prog_00189,buitems,BUITEMS Quetta,Balochistan,Quetta,BS Computer Science,Bachelors,CS,4,ICS/Pre-Eng ≥60% + admission test.,120749,Quetta,"Analytical, Logical, Problem-solver",https://admissions.buitms.edu.pk/
prog_00190,buitems,BUITEMS Quetta,Balochistan,Quetta,BS Software Engineering,Bachelors,CS,4,ICS/Pre-Eng ≥60% + admission test.,120749,Quetta,"Analytical, Detail-oriented, Teamwork",https://admissions.buitms.edu.pk/
prog_00191,buitems,BUITEMS Quetta,Balochistan,Quetta,BS Data Science,Bachelors,CS,4,ICS ≥60% + admission test.,120749,Quetta,"Analytical, Curious, Quantitative",https://admissions.buitms.edu.pk/
prog_00192,buitems,BUITEMS Quetta,Balochistan,Quetta,MS Computer Science,Masters,CS,2,16-year CS/SE/IT or related + GAT/test.,120749,Quetta,"Research-minded, Persistent, Coding",https://admissions.buitms.edu.pk/
prog_00193,buitems,BUITEMS Quetta,Balochistan,Quetta,PhD Computer Science,PhD,CS,3,MS/MPhil in CS or related + proposal.,120749,Quetta,"Research, Persistence, Innovation",https://admissions.buitms.edu.pk/
prog_00194,uob-quetta,University of Balochistan,Balochistan,Quetta,B.Design (Communication),Bachelors,Design,4,Intermediate + portfolio/interview.,69000,Quetta,"Creative, Visual, Conceptual",https://www.uob.edu.pk/admissions
prog_00195,uob-quetta,University of Balochistan,Balochistan,Quetta,B.Architecture,Bachelors,Design,5,Intermediate + aptitude + interview.,69000,Quetta,"Creative, Spatial, Detail-oriented",https://www.uob.edu.pk/admissions
prog_00196,uob-quetta,University of Balochistan,Balochistan,Quetta,M.Architecture/Design,Masters,Design,2,B.Arch/B.Design + portfolio.,69000,Quetta,"Creative, Research, Systems-thinking",https://www.uob.edu.pk/admissions
prog_00197,uob-quetta,University of Balochistan,Balochistan,Quetta,Pharm-D (Doctor of Pharmacy),Bachelors,Health,5,Pre-Med + test.,72000,Quetta,"Detail, Integrity, Patient-care",https://www.uob.edu.pk/admissions
prog_00198,uob-quetta,University of Balochistan,Balochistan,Quetta,BS Nursing,Bachelors,Health,4,Pre-Med/Science + test.,72000,Quetta,"Empathy, Discipline, Observant",https://www.uob.edu.pk/admissions
prog_00199,uob-quetta,University of Balochistan,Balochistan,Quetta,DPT (Doctor of Physical Therapy),Bachelors,Health,5,Pre-Med + test.,72000,Quetta,"Empathetic, Patient, Physically active",https://www.uob.edu.pk/admissions
prog_00200,uob-quetta,University of Balochistan,Balochistan,Quetta,BS Mathematics,Bachelors,Science,4,Intermediate (Math) ≥60%.,60000,Quetta,"Analytical, Logical, Abstract-thinking",https://www.uob.edu.pk/admissions
prog_00201,uob-quetta,University of Balochistan,Balochistan,Quetta,BS Physics,Bachelors,Science,4,Intermediate (Pre-Eng/Science).,60000,Quetta,"Analytical, Experimental, Curious",https://www.uob.edu.pk/admissions
prog_00202,uob-quetta,University of Balochistan,Balochistan,Quetta,BS Chemistry,Bachelors,Science,4,Intermediate (Pre-Med/Science).,60000,Quetta,"Analytical, Lab-safety, Detail",https://www.uob.edu.pk/admissions
prog_00203,uob-quetta,University of Balochistan,Balochistan,Quetta,MS/MPhil Science,Masters,Science,2,16-year degree + test.,60000,Quetta,"Research, Analytical, Persistence",https://www.uob.edu.pk/admissions
prog_00204,uob-quetta,University of Balochistan,Balochistan,Quetta,BBA,Bachelors,Business,4,Intermediate ≥50–60% + test/interview.,66000,Quetta,"Leadership, Communication, Problem-solving",https://www.uob.edu.pk/admissions
prog_00205,uob-quetta,University of Balochistan,Balochistan,Quetta,BS Accounting & Finance,Bachelors,Business,4,Intermediate ≥50–60% + test.,66000,Quetta,"Quantitative, Detail-oriented, Integrity",https://www.uob.edu.pk/admissions
prog_00206,uob-quetta,University of Balochistan,Balochistan,Quetta,BS Economics,Bachelors,Business,4,Intermediate ≥60% + test.,66000,Quetta,"Analytical, Quantitative, Research-minded",https://www.uob.edu.pk/admissions
prog_00207,uob-quetta,University of Balochistan,Balochistan,Quetta,MBA,Masters,Business,2,16-year degree + test/interview.,66000,Quetta,"Leadership, Strategy, Communication",https://www.uob.edu.pk/admissions
prog_00208,uob-quetta,University of Balochistan,Balochistan,Quetta,MS Management Sciences,Masters,Business,2,16-year degree + GAT/test.,66000,Quetta,"Research, Strategy, Quantitative",https://www.uob.edu.pk/admissions
prog_00209,uob-quetta,University of Balochistan,Balochistan,Quetta,BS Psychology,Bachelors,Social-Sciences,4,Intermediate ≥50–60%.,60000,Quetta,"Empathetic, Analytical, Observant",https://www.uob.edu.pk/admissions
prog_00210,uob-quetta,University of Balochistan,Balochistan,Quetta,BS International Relations,Bachelors,Social-Sciences,4,Intermediate ≥50–60%.,60000,Quetta,"Analytical, Curious, Communication",https://www.uob.edu.pk/admissions
prog_00211,uob-quetta,University of Balochistan,Balochistan,Quetta,MS/MPhil Social Sciences,Masters,Social-Sciences,2,16-year degree + test.,60000,Quetta,"Research, Analytical, Writing",https://www.uob.edu.pk/admissions
prog_00212,must,Mirpur University of Science & Technology (MUST),Azad Jammu & Kashmir,Mirpur,BE Electrical Engineering,Bachelors,Engineering,4,Pre-Eng ≥60% + ECAT/entry test.,114999,Mirpur,"Quantitative, Practical, Problem-solving",https://www.must.edu.pk/admissions
prog_00213,must,Mirpur University of Science & Technology (MUST),Azad Jammu & Kashmir,Mirpur,BE Mechanical Engineering,Bachelors,Engineering,4,Pre-Eng ≥60% + ECAT/entry test.,114999,Mirpur,"Hands-on, Analytical, Systems-thinking",https://www.must.edu.pk/admissions
prog_00214,must,Mirpur University of Science & Technology (MUST),Azad Jammu & Kashmir,Mirpur,BE Civil Engineering,Bachelors,Engineering,4,Pre-Eng ≥60% + ECAT/entry test.,114999,Mirpur,"Detail-oriented, Field-ready, Analytical",https://www.must.edu.pk/admissions
prog_00215,must,Mirpur University of Science & Technology (MUST),Azad Jammu & Kashmir,Mirpur,MS Electrical Engineering,Masters,Engineering,2,BE/BS Engg + GAT/test.,114999,Mirpur,"Research, Analytical, Design",https://www.must.edu.pk/admissions
prog_00216,must,Mirpur University of Science & Technology (MUST),Azad Jammu & Kashmir,Mirpur,PhD Engineering,PhD,Engineering,3,MS/MPhil Engg + proposal.,114999,Mirpur,"Research, Innovation, Persistence",https://www.must.edu.pk/admissions
prog_00217,must,Mirpur University of Science & Technology (MUST),Azad Jammu & Kashmir,Mirpur,BS Psychology,Bachelors,Social-Sciences,4,Intermediate ≥50–60%.,100000,Mirpur,"Empathetic, Analytical, Observant",https://www.must.edu.pk/admissions
prog_00218,must,Mirpur University of Science & Technology (MUST),Azad Jammu & Kashmir,Mirpur,BS International Relations,Bachelors,Social-Sciences,4,Intermediate ≥50–60%.,100000,Mirpur,"Analytical, Curious, Communication",https://www.must.edu.pk/admissions
prog_00219,must,Mirpur University of Science & Technology (MUST),Azad Jammu & Kashmir,Mirpur,MS/MPhil Social Sciences,Masters,Social-Sciences,2,16-year degree + test.,100000,Mirpur,"Research, Analytical, Writing",https://www.must.edu.pk/admissions
prog_00220,must,Mirpur University of Science & Technology (MUST),Azad Jammu & Kashmir,Mirpur,BBA,Bachelors,Business,4,Intermediate ≥50–60% + test/interview.,110000,Mirpur,"Leadership, Communication, Problem-solving",https://www.must.edu.pk/admissions
prog_00221,must,Mirpur University of Science & Technology (MUST),Azad Jammu & Kashmir,Mirpur,BS Accounting & Finance,Bachelors,Business,4,Intermediate ≥50–60% + test.,110000,Mirpur,"Quantitative, Detail-oriented, Integrity",https://www.must.edu.pk/admissions
prog_00222,must,Mirpur University of Science & Technology (MUST),Azad Jammu & Kashmir,Mirpur,BS Economics,Bachelors,Business,4,Intermediate ≥60% + test.,110000,Mirpur,"Analytical, Quantitative, Research-minded",https://www.must.edu.pk/admissions
prog_00223,must,Mirpur University of Science & Technology (MUST),Azad Jammu & Kashmir,Mirpur,MBA,Masters,Business,2,16-year degree + test/interview.,110000,Mirpur,"Leadership, Strategy, Communication",https://www.must.edu.pk/admissions
prog_00224,must,Mirpur University of Science & Technology (MUST),Azad Jammu & Kashmir,Mirpur,MS Management Sciences,Masters,Business,2,16-year degree + GAT/test.,110000,Mirpur,"Research, Strategy, Quantitative",https://www.must.edu.pk/admissions
prog_00225,must,Mirpur University of Science & Technology (MUST),Azad Jammu & Kashmir,Mirpur,BS Computer Science,Bachelors,CS,4,ICS/Pre-Eng ≥60% + admission test.,114999,Mirpur,"Analytical, Logical, Problem-solver",https://www.must.edu.pk/admissions
prog_00226,must,Mirpur University of Science & Technology (MUST),Azad Jammu & Kashmir,Mirpur,BS Software Engineering,Bachelors,CS,4,ICS/Pre-Eng ≥60% + admission test.,114999,Mirpur,"Analytical, Detail-oriented, Teamwork",https://www.must.edu.pk/admissions
prog_00227,must,Mirpur University of Science & Technology (MUST),Azad Jammu & Kashmir,Mirpur,BS Data Science,Bachelors,CS,4,ICS ≥60% + admission test.,114999,Mirpur,"Analytical, Curious, Quantitative",https://www.must.edu.pk/admissions
prog_00228,must,Mirpur University of Science & Technology (MUST),Azad Jammu & Kashmir,Mirpur,MS Computer Science,Masters,CS,2,16-year CS/SE/IT or related + GAT/test.,114999,Mirpur,"Research-minded, Persistent, Coding",https://www.must.edu.pk/admissions
prog_00229,must,Mirpur University of Science & Technology (MUST),Azad Jammu & Kashmir,Mirpur,PhD Computer Science,PhD,CS,3,MS/MPhil in CS or related + proposal.,114999,Mirpur,"Research, Persistence, Innovation",https://www.must.edu.pk/admissions
prog_00230,kiu,Karakoram International University (KIU),Gilgit-Baltistan,Gilgit,BS Psychology,Bachelors,Social-Sciences,4,Intermediate ≥50–60%.,65000,Gilgit,"Empathetic, Analytical, Observant",https://www.kiu.edu.pk/admissions
prog_00231,kiu,Karakoram International University (KIU),Gilgit-Baltistan,Gilgit,BS International Relations,Bachelors,Social-Sciences,4,Intermediate ≥50–60%.,65000,Gilgit,"Analytical, Curious, Communication",https://www.kiu.edu.pk/admissions
prog_00232,kiu,Karakoram International University (KIU),Gilgit-Baltistan,Gilgit,MS/MPhil Social Sciences,Masters,Social-Sciences,2,16-year degree + test.,65000,Gilgit,"Research, Analytical, Writing",https://www.kiu.edu.pk/admissions
prog_00233,kiu,Karakoram International University (KIU),Gilgit-Baltistan,Gilgit,BBA,Bachelors,Business,4,Intermediate ≥50–60% + test/interview.,71500,Gilgit,"Leadership, Communication, Problem-solving",https://www.kiu.edu.pk/admissions
prog_00234,kiu,Karakoram International University (KIU),Gilgit-Baltistan,Gilgit,BS Accounting & Finance,Bachelors,Business,4,Intermediate ≥50–60% + test.,71500,Gilgit,"Quantitative, Detail-oriented, Integrity",https://www.kiu.edu.pk/admissions
prog_00235,kiu,Karakoram International University (KIU),Gilgit-Baltistan,Gilgit,BS Economics,Bachelors,Business,4,Intermediate ≥60% + test.,71500,Gilgit,"Analytical, Quantitative, Research-minded",https://www.kiu.edu.pk/admissions
prog_00236,kiu,Karakoram International University (KIU),Gilgit-Baltistan,Gilgit,MBA,Masters,Business,2,16-year degree + test/interview.,71500,Gilgit,"Leadership, Strategy, Communication",https://www.kiu.edu.pk/admissions
prog_00237,kiu,Karakoram International University (KIU),Gilgit-Baltistan,Gilgit,MS Management Sciences,Masters,Business,2,16-year degree + GAT/test.,71500,Gilgit,"Research, Strategy, Quantitative",https://www.kiu.edu.pk/admissions
prog_00238,kiu,Karakoram International University (KIU),Gilgit-Baltistan,Gilgit,BS Computer Science,Bachelors,CS,4,ICS/Pre-Eng ≥60% + admission test.,74750,Gilgit,"Analytical, Logical, Problem-solver",https://www.kiu.edu.pk/admissions
prog_00239,kiu,Karakoram International University (KIU),Gilgit-Baltistan,Gilgit,BS Software Engineering,Bachelors,CS,4,ICS/Pre-Eng ≥60% + admission test.,74750,Gilgit,"Analytical, Detail-oriented, Teamwork",https://www.kiu.edu.pk/admissions
prog_00240,kiu,Karakoram International University (KIU),Gilgit-Baltistan,Gilgit,BS Data Science,Bachelors,CS,4,ICS ≥60% + admission test.,74750,Gilgit,"Analytical, Curious, Quantitative",https://www.kiu.edu.pk/admissions
prog_00241,kiu,Karakoram International University (KIU),Gilgit-Baltistan,Gilgit,MS Computer Science,Masters,CS,2,16-year CS/SE/IT or related + GAT/test.,74750,Gilgit,"Research-minded, Persistent, Coding",https://www.kiu.edu.pk/admissions
prog_00242,kiu,Karakoram International University (KIU),Gilgit-Baltistan,Gilgit,PhD Computer Science,PhD,CS,3,MS/MPhil in CS or related + proposal.,74750,Gilgit,"Research, Persistence, Innovation",https://www.kiu.edu.pk/admissions
prog_00243,kiu,Karakoram International University (KIU),Gilgit-Baltistan,Gilgit,BS Mathematics,Bachelors,Science,4,Intermediate (Math) ≥60%.,65000,Gilgit,"Analytical, Logical, Abstract-thinking",https://www.kiu.edu.pk/admissions
prog_00244,kiu,Karakoram International University (KIU),Gilgit-Baltistan,Gilgit,BS Physics,Bachelors,Science,4,Intermediate (Pre-Eng/Science).,65000,Gilgit,"Analytical, Experimental, Curious",https://www.kiu.edu.pk/admissions
prog_00245,kiu,Karakoram International University (KIU),Gilgit-Baltistan,Gilgit,BS Chemistry,Bachelors,Science,4,Intermediate (Pre-Med/Science).,65000,Gilgit,"Analytical, Lab-safety, Detail",https://www.kiu.edu.pk/admissions
prog_00246,kiu,Karakoram International University (KIU),Gilgit-Baltistan,Gilgit,MS/MPhil Science,Masters,Science,2,16-year degree + test.,65000,Gilgit,"Research, Analytical, Persistence",https://www.kiu.edu.pk/admissions
