university_name,city,province,program_name,level,field,level_norm,field_norm,fee_per_year,apply_url,website_url,offers_FEST
NED University of Engineering & Technology,Karachi,Sindh,BE Electrical Engineering,Bachelors,Engineering,bs,engineering,120749,https://www.neduet.edu.pk/admissions,http://www.neduet.edu.pk/,True
NED University of Engineering & Technology,Karachi,Sindh,BE Electrical Engineering,Bachelors,Engineering,bs,engineering,120749,https://www.neduet.edu.pk/admissions,http://www.neduet.edu.pk/,True
NED University of Engineering & Technology,Karachi,Sindh,BE Mechanical Engineering,Bachelors,Engineering,bs,engineering,120749,https://www.neduet.edu.pk/admissions,http://www.neduet.edu.pk/,True
NED University of Engineering & Technology,Karachi,Sindh,BE Mechanical Engineering,Bachelors,Engineering,bs,engineering,120749,https://www.neduet.edu.pk/admissions,http://www.neduet.edu.pk/,True
NED University of Engineering & Technology,Karachi,Sindh,BE Civil Engineering,Bachelors,Engineering,bs,engineering,120749,https://www.neduet.edu.pk/admissions,http://www.neduet.edu.pk/,True
NED University of Engineering & Technology,Karachi,Sindh,BE Civil Engineering,Bachelors,Engineering,bs,engineering,120749,https://www.neduet.edu.pk/admissions,http://www.neduet.edu.pk/,True
NED University of Engineering & Technology,Karachi,Sindh,BSc Engineering (Computer/Software),Bachelors,Engineering,bs,engineering,120749,https://www.neduet.edu.pk/admissions,http://www.neduet.edu.pk/,True
NED University of Engineering & Technology,Karachi,Sindh,BSc Engineering (Computer/Software),Bachelors,Engineering,bs,engineering,120749,https://www.neduet.edu.pk/admissions,http://www.neduet.edu.pk/,True
NED University of Engineering & Technology,Karachi,Sindh,MS Electrical Engineering,Masters,Engineering,ms,engineering,120749,https://www.neduet.edu.pk/admissions,http://www.neduet.edu.pk/,True
NED University of Engineering & Technology,Karachi,Sindh,MS Electrical Engineering,Masters,Engineering,ms,engineering,120749,https://www.neduet.edu.pk/admissions,http://www.neduet.edu.pk/,True
NED University of Engineering & Technology,Karachi,Sindh,PhD Engineering,PhD,Engineering,phd,engineering,120749,https://www.neduet.edu.pk/admissions,http://www.neduet.edu.pk/,True
NED University of Engineering & Technology,Karachi,Sindh,PhD Engineering,PhD,Engineering,phd,engineering,120749,https://www.neduet.edu.pk/admissions,http://www.neduet.edu.pk/,True
NED University of Engineering & Technology,Karachi,Sindh,BS Computer Science,Bachelors,IT,bs,computer_science,120749,https://www.neduet.edu.pk/admissions,http://www.neduet.edu.pk/,True
NED University of Engineering & Technology,Karachi,Sindh,BS Computer Science,Bachelors,IT,bs,computer_science,120749,https://www.neduet.edu.pk/admissions,http://www.neduet.edu.pk/,True
NED University of Engineering & Technology,Karachi,Sindh,BS Software Engineering,Bachelors,IT,bs,computer_science,120749,https://www.neduet.edu.pk/admissions,http://www.neduet.edu.pk/,True
NED University of Engineering & Technology,Karachi,Sindh,BS Software Engineering,Bachelors,IT,bs,computer_science,120749,https://www.neduet.edu.pk/admissions,http://www.neduet.edu.pk/,True
NED University of Engineering & Technology,Karachi,Sindh,BS Data Science,Bachelors,IT,bs,computer_science,120749,https://www.neduet.edu.pk/admissions,http://www.neduet.edu.pk/,True
NED University of Engineering & Technology,Karachi,Sindh,BS Data Science,Bachelors,IT,bs,computer_science,120749,https://www.neduet.edu.pk/admissions,http://www.neduet.edu.pk/,True
NED University of Engineering & Technology,Karachi,Sindh,BS Artificial Intelligence,Bachelors,IT,bs,computer_science,120749,https://www.neduet.edu.pk/admissions,http://www.neduet.edu.pk/,True
NED University of Engineering & Technology,Karachi,Sindh,BS Artificial Intelligence,Bachelors,IT,bs,computer_science,120749,https://www.neduet.edu.pk/admissions,http://www.neduet.edu.pk/,True
NED University of Engineering & Technology,Karachi,Sindh,MS Computer Science,Masters,IT,ms,computer_science,120749,https://www.neduet.edu.pk/admissions,http://www.neduet.edu.pk/,True
NED University of Engineering & Technology,Karachi,Sindh,MS Computer Science,Masters,IT,ms,computer_science,120749,https://www.neduet.edu.pk/admissions,http://www.neduet.edu.pk/,True
NED University of Engineering & Technology,Karachi,Sindh,PhD Computer Science,PhD,IT,phd,computer_science,120749,https://www.neduet.edu.pk/admissions,http://www.neduet.edu.pk/,True
NED University of Engineering & Technology,Karachi,Sindh,PhD Computer Science,PhD,IT,phd,computer_science,120749,https://www.neduet.edu.pk/admissions,http://www.neduet.edu.pk/,True
Dawood University of Engineering & Technology (DUET),Karachi,Sindh,BE Electrical Engineering,Bachelors,Engineering,bs,engineering,92000,https://www.duet.edu.pk/admissions,,
Dawood University of Engineering & Technology (DUET),Karachi,Sindh,BE Mechanical Engineering,Bachelors,Engineering,bs,engineering,92000,https://www.duet.edu.pk/admissions,,
Dawood University of Engineering & Technology (DUET),Karachi,Sindh,BE Civil Engineering,Bachelors,Engineering,bs,engineering,92000,https://www.duet.edu.pk/admissions,,
Dawood University of Engineering & Technology (DUET),Karachi,Sindh,BSc Engineering (Computer/Software),Bachelors,Engineering,bs,engineering,92000,https://www.duet.edu.pk/admissions,,
Dawood University of Engineering & Technology (DUET),Karachi,Sindh,MS Electrical Engineering,Masters,Engineering,ms,engineering,92000,https://www.duet.edu.pk/admissions,,
Dawood University of Engineering & Technology (DUET),Karachi,Sindh,PhD Engineering,PhD,Engineering,phd,engineering,92000,https://www.duet.edu.pk/admissions,,
Dawood University of Engineering & Technology (DUET),Karachi,Sindh,BS Computer Science,Bachelors,IT,bs,computer_science,92000,https://www.duet.edu.pk/admissions,,
Dawood University of Engineering & Technology (DUET),Karachi,Sindh,BS Software Engineering,Bachelors,IT,bs,computer_science,92000,https://www.duet.edu.pk/admissions,,
Dawood University of Engineering & Technology (DUET),Karachi,Sindh,BS Data Science,Bachelors,IT,bs,computer_science,92000,https://www.duet.edu.pk/admissions,,
Dawood University of Engineering & Technology (DUET),Karachi,Sindh,BS Artificial Intelligence,Bachelors,IT,bs,computer_science,92000,https://www.duet.edu.pk/admissions,,
Dawood University of Engineering & Technology (DUET),Karachi,Sindh,MS Computer Science,Masters,IT,ms,computer_science,92000,https://www.duet.edu.pk/admissions,,
Dawood University of Engineering & Technology (DUET),Karachi,Sindh,PhD Computer Science,PhD,IT,phd,computer_science,92000,https://www.duet.edu.pk/admissions,,
FAST-NUCES Karachi,Karachi,Sindh,BE Electrical Engineering,Bachelors,Engineering,bs,engineering,459999,https://nu.edu.pk/admissions,,
FAST-NUCES Karachi,Karachi,Sindh,BE Mechanical Engineering,Bachelors,Engineering,bs,engineering,459999,https://nu.edu.pk/admissions,,
FAST-NUCES Karachi,Karachi,Sindh,BE Civil Engineering,Bachelors,Engineering,bs,engineering,459999,https://nu.edu.pk/admissions,,
FAST-NUCES Karachi,Karachi,Sindh,BSc Engineering (Computer/Software),Bachelors,Engineering,bs,engineering,459999,https://nu.edu.pk/admissions,,
FAST-NUCES Karachi,Karachi,Sindh,MS Electrical Engineering,Masters,Engineering,ms,engineering,459999,https://nu.edu.pk/admissions,,
FAST-NUCES Karachi,Karachi,Sindh,PhD Engineering,PhD,Engineering,phd,engineering,459999,https://nu.edu.pk/admissions,,
FAST-NUCES Karachi,Karachi,Sindh,BS Computer Science,Bachelors,IT,bs,computer_science,459999,https://nu.edu.pk/admissions,,
FAST-NUCES Karachi,Karachi,Sindh,BS Software Engineering,Bachelors,IT,bs,computer_science,459999,https://nu.edu.pk/admissions,,
FAST-NUCES Karachi,Karachi,Sindh,BS Data Science,Bachelors,IT,bs,computer_science,459999,https://nu.edu.pk/admissions,,
FAST-NUCES Karachi,Karachi,Sindh,BS Artificial Intelligence,Bachelors,IT,bs,computer_science,459999,https://nu.edu.pk/admissions,,
FAST-NUCES Karachi,Karachi,Sindh,MS Computer Science,Masters,IT,ms,computer_science,459999,https://nu.edu.pk/admissions,,
FAST-NUCES Karachi,Karachi,Sindh,PhD Computer Science,PhD,IT,phd,computer_science,459999,https://nu.edu.pk/admissions,,
FAST-NUCES Karachi,Karachi,Sindh,BBA,Bachelors,Business,,business,440000,https://nu.edu.pk/admissions,,
FAST-NUCES Karachi,Karachi,Sindh,BS Accounting & Finance,Bachelors,Business,bs,business,440000,https://nu.edu.pk/admissions,,
FAST-NUCES Karachi,Karachi,Sindh,BS Economics,Bachelors,Business,bs,business,440000,https://nu.edu.pk/admissions,,
FAST-NUCES Karachi,Karachi,Sindh,MBA,Masters,Business,,business,440000,https://nu.edu.pk/admissions,,
FAST-NUCES Karachi,Karachi,Sindh,MS Management Sciences,Masters,Business,ms,business,440000,https://nu.edu.pk/admissions,,
FAST-NUCES Karachi,Karachi,Sindh,PhD Management Sciences,PhD,Business,phd,business,440000,https://nu.edu.pk/admissions,,
Institute of Business Management (IoBM/CBM),Karachi,Sindh,BS Computer Science,Bachelors,IT,bs,computer_science,546250,https://admissions.iobm.edu.pk/,,
Institute of Business Management (IoBM/CBM),Karachi,Sindh,BS Software Engineering,Bachelors,IT,bs,computer_science,546250,https://admissions.iobm.edu.pk/,,
Institute of Business Management (IoBM/CBM),Karachi,Sindh,BS Data Science,Bachelors,IT,bs,computer_science,546250,https://admissions.iobm.edu.pk/,,
Institute of Business Management (IoBM/CBM),Karachi,Sindh,BS Artificial Intelligence,Bachelors,IT,bs,computer_science,546250,https://admissions.iobm.edu.pk/,,
Institute of Business Management (IoBM/CBM),Karachi,Sindh,MS Computer Science,Masters,IT,ms,computer_science,546250,https://admissions.iobm.edu.pk/,,
Institute of Business Management (IoBM/CBM),Karachi,Sindh,PhD Computer Science,PhD,IT,phd,computer_science,546250,https://admissions.iobm.edu.pk/,,
Institute of Business Management (IoBM/CBM),Karachi,Sindh,BBA,Bachelors,Business,,business,522500,https://admissions.iobm.edu.pk/,,
Institute of Business Management (IoBM/CBM),Karachi,Sindh,BS Accounting & Finance,Bachelors,Business,bs,business,522500,https://admissions.iobm.edu.pk/,,
Institute of Business Management (IoBM/CBM),Karachi,Sindh,BS Economics,Bachelors,Business,bs,business,522500,https://admissions.iobm.edu.pk/,,
Institute of Business Management (IoBM/CBM),Karachi,Sindh,MBA,Masters,Business,,business,522500,https://admissions.iobm.edu.pk/,,
Institute of Business Management (IoBM/CBM),Karachi,Sindh,MS Management Sciences,Masters,Business,ms,business,522500,https://admissions.iobm.edu.pk/,,
Institute of Business Management (IoBM/CBM),Karachi,Sindh,PhD Management Sciences,PhD,Business,phd,business,522500,https://admissions.iobm.edu.pk/,,
SZABIST Karachi,Karachi,Sindh,BE Electrical Engineering,Bachelors,Engineering,bs,engineering,431249,https://szabist.edu.pk/admissions,,
SZABIST Karachi,Karachi,Sindh,BE Mechanical Engineering,Bachelors,Engineering,bs,engineering,431249,https://szabist.edu.pk/admissions,,
SZABIST Karachi,Karachi,Sindh,BE Civil Engineering,Bachelors,Engineering,bs,engineering,431249,https://szabist.edu.pk/admissions,,
SZABIST Karachi,Karachi,Sindh,BSc Engineering (Computer/Software),Bachelors,Engineering,bs,engineering,431249,https://szabist.edu.pk/admissions,,
SZABIST Karachi,Karachi,Sindh,MS Electrical Engineering,Masters,Engineering,ms,engineering,431249,https://szabist.edu.pk/admissions,,
SZABIST Karachi,Karachi,Sindh,PhD Engineering,PhD,Engineering,phd,engineering,431249,https://szabist.edu.pk/admissions,,
SZABIST Karachi,Karachi,Sindh,BS Computer Science,Bachelors,IT,bs,computer_science,431249,https://szabist.edu.pk/admissions,,
SZABIST Karachi,Karachi,Sindh,BS Software Engineering,Bachelors,IT,bs,computer_science,431249,https://szabist.edu.pk/admissions,,
SZABIST Karachi,Karachi,Sindh,BS Data Science,Bachelors,IT,bs,computer_science,431249,https://szabist.edu.pk/admissions,,
SZABIST Karachi,Karachi,Sindh,BS Artificial Intelligence,Bachelors,IT,bs,computer_science,431249,https://szabist.edu.pk/admissions,,
SZABIST Karachi,Karachi,Sindh,MS Computer Science,Masters,IT,ms,computer_science,431249,https://szabist.edu.pk/admissions,,
SZABIST Karachi,Karachi,Sindh,PhD Computer Science,PhD,IT,phd,computer_science,431249,https://szabist.edu.pk/admissions,,
SZABIST Karachi,Karachi,Sindh,BBA,Bachelors,Business,,business,412500,https://szabist.edu.pk/admissions,,
SZABIST Karachi,Karachi,Sindh,BS Accounting & Finance,Bachelors,Business,bs,business,412500,https://szabist.edu.pk/admissions,,
SZABIST Karachi,Karachi,Sindh,BS Economics,Bachelors,Business,bs,business,412500,https://szabist.edu.pk/admissions,,
SZABIST Karachi,Karachi,Sindh,MBA,Masters,Business,,business,412500,https://szabist.edu.pk/admissions,,
SZABIST Karachi,Karachi,Sindh,MS Management Sciences,Masters,Business,ms,business,412500,https://szabist.edu.pk/admissions,,
SZABIST Karachi,Karachi,Sindh,PhD Management Sciences,PhD,Business,phd,business,412500,https://szabist.edu.pk/admissions,,
PAF-KIET,Karachi,Sindh,BS Computer Science,Bachelors,IT,bs,computer_science,276000,https://admissions.pafkiet.edu.pk/,,
PAF-KIET,Karachi,Sindh,BS Software Engineering,Bachelors,IT,bs,computer_science,276000,https://admissions.pafkiet.edu.pk/,,
PAF-KIET,Karachi,Sindh,BS Data Science,Bachelors,IT,bs,computer_science,276000,https://admissions.pafkiet.edu.pk/,,
PAF-KIET,Karachi,Sindh,BS Artificial Intelligence,Bachelors,IT,bs,computer_science,276000,https://admissions.pafkiet.edu.pk/,,
PAF-KIET,Karachi,Sindh,MS Computer Science,Masters,IT,ms,computer_science,276000,https://admissions.pafkiet.edu.pk/,,
PAF-KIET,Karachi,Sindh,PhD Computer Science,PhD,IT,phd,computer_science,276000,https://admissions.pafkiet.edu.pk/,,
PAF-KIET,Karachi,Sindh,BBA,Bachelors,Business,,business,264000,https://admissions.pafkiet.edu.pk/,,
PAF-KIET,Karachi,Sindh,BS Accounting & Finance,Bachelors,Business,bs,business,264000,https://admissions.pafkiet.edu.pk/,,
PAF-KIET,Karachi,Sindh,BS Economics,Bachelors,Business,bs,business,264000,https://admissions.pafkiet.edu.pk/,,
PAF-KIET,Karachi,Sindh,MBA,Masters,Business,,business,264000,https://admissions.pafkiet.edu.pk/,,
PAF-KIET,Karachi,Sindh,MS Management Sciences,Masters,Business,ms,business,264000,https://admissions.pafkiet.edu.pk/,,
PAF-KIET,Karachi,Sindh,PhD Management Sciences,PhD,Business,phd,business,264000,https://admissions.pafkiet.edu.pk/,,
DHA Suffa University (DSU),Karachi,Sindh,BE Electrical Engineering,Bachelors,Engineering,bs,engineering,356500,https://www.dsu.edu.pk/admissions,,
DHA Suffa University (DSU),Karachi,Sindh,BE Mechanical Engineering,Bachelors,Engineering,bs,engineering,356500,https://www.dsu.edu.pk/admissions,,
DHA Suffa University (DSU),Karachi,Sindh,BE Civil Engineering,Bachelors,Engineering,bs,engineering,356500,https://www.dsu.edu.pk/admissions,,
DHA Suffa University (DSU),Karachi,Sindh,BSc Engineering (Computer/Software),Bachelors,Engineering,bs,engineering,356500,https://www.dsu.edu.pk/admissions,,
DHA Suffa University (DSU),Karachi,Sindh,MS Electrical Engineering,Masters,Engineering,ms,engineering,356500,https://www.dsu.edu.pk/admissions,,
DHA Suffa University (DSU),Karachi,Sindh,PhD Engineering,PhD,Engineering,phd,engineering,356500,https://www.dsu.edu.pk/admissions,,
DHA Suffa University (DSU),Karachi,Sindh,BS Computer Science,Bachelors,IT,bs,computer_science,356500,https://www.dsu.edu.pk/admissions,,
DHA Suffa University (DSU),Karachi,Sindh,BS Software Engineering,Bachelors,IT,bs,computer_science,356500,https://www.dsu.edu.pk/admissions,,
DHA Suffa University (DSU),Karachi,Sindh,BS Data Science,Bachelors,IT,bs,computer_science,356500,https://www.dsu.edu.pk/admissions,,
DHA Suffa University (DSU),Karachi,Sindh,BS Artificial Intelligence,Bachelors,IT,bs,computer_science,356500,https://www.dsu.edu.pk/admissions,,
DHA Suffa University (DSU),Karachi,Sindh,MS Computer Science,Masters,IT,ms,computer_science,356500,https://www.dsu.edu.pk/admissions,,
DHA Suffa University (DSU),Karachi,Sindh,PhD Computer Science,PhD,IT,phd,computer_science,356500,https://www.dsu.edu.pk/admissions,,
DHA Suffa University (DSU),Karachi,Sindh,BBA,Bachelors,Business,,business,341000,https://www.dsu.edu.pk/admissions,,
DHA Suffa University (DSU),Karachi,Sindh,BS Accounting & Finance,Bachelors,Business,bs,business,341000,https://www.dsu.edu.pk/admissions,,
DHA Suffa University (DSU),Karachi,Sindh,BS Economics,Bachelors,Business,bs,business,341000,https://www.dsu.edu.pk/admissions,,
DHA Suffa University (DSU),Karachi,Sindh,MBA,Masters,Business,,business,341000,https://www.dsu.edu.pk/admissions,,
DHA Suffa University (DSU),Karachi,Sindh,MS Management Sciences,Masters,Business,ms,business,341000,https://www.dsu.edu.pk/admissions,,
DHA Suffa University (DSU),Karachi,Sindh,PhD Management Sciences,PhD,Business,phd,business,341000,https://www.dsu.edu.pk/admissions,,
Mohammad Ali Jinnah University (MAJU),Karachi,Sindh,BE Electrical Engineering,Bachelors,Engineering,bs,engineering,322000,https://www.jinnah.edu.pk/admissions,,
Mohammad Ali Jinnah University (MAJU),Karachi,Sindh,BE Mechanical Engineering,Bachelors,Engineering,bs,engineering,322000,https://www.jinnah.edu.pk/admissions,,
Mohammad Ali Jinnah University (MAJU),Karachi,Sindh,BE Civil Engineering,Bachelors,Engineering,bs,engineering,322000,https://www.jinnah.edu.pk/admissions,,
Mohammad Ali Jinnah University (MAJU),Karachi,Sindh,BSc Engineering (Computer/Software),Bachelors,Engineering,bs,engineering,322000,https://www.jinnah.edu.pk/admissions,,
Mohammad Ali Jinnah University (MAJU),Karachi,Sindh,MS Electrical Engineering,Masters,Engineering,ms,engineering,322000,https://www.jinnah.edu.pk/admissions,,
Mohammad Ali Jinnah University (MAJU),Karachi,Sindh,PhD Engineering,PhD,Engineering,phd,engineering,322000,https://www.jinnah.edu.pk/admissions,,
Mohammad Ali Jinnah University (MAJU),Karachi,Sindh,BS Computer Science,Bachelors,IT,bs,computer_science,322000,https://www.jinnah.edu.pk/admissions,,
Mohammad Ali Jinnah University (MAJU),Karachi,Sindh,BS Software Engineering,Bachelors,IT,bs,computer_science,322000,https://www.jinnah.edu.pk/admissions,,
Mohammad Ali Jinnah University (MAJU),Karachi,Sindh,BS Data Science,Bachelors,IT,bs,computer_science,322000,https://www.jinnah.edu.pk/admissions,,
Mohammad Ali Jinnah University (MAJU),Karachi,Sindh,BS Artificial Intelligence,Bachelors,IT,bs,computer_science,322000,https://www.jinnah.edu.pk/admissions,,
Mohammad Ali Jinnah University (MAJU),Karachi,Sindh,MS Computer Science,Masters,IT,ms,computer_science,322000,https://www.jinnah.edu.pk/admissions,,
Mohammad Ali Jinnah University (MAJU),Karachi,Sindh,PhD Computer Science,PhD,IT,phd,computer_science,322000,https://www.jinnah.edu.pk/admissions,,
Mohammad Ali Jinnah University (MAJU),Karachi,Sindh,BBA,Bachelors,Business,,business,308000,https://www.jinnah.edu.pk/admissions,,
Mohammad Ali Jinnah University (MAJU),Karachi,Sindh,BS Accounting & Finance,Bachelors,Business,bs,business,308000,https://www.jinnah.edu.pk/admissions,,
Mohammad Ali Jinnah University (MAJU),Karachi,Sindh,BS Economics,Bachelors,Business,bs,business,308000,https://www.jinnah.edu.pk/admissions,,
Mohammad Ali Jinnah University (MAJU),Karachi,Sindh,MBA,Masters,Business,,business,308000,https://www.jinnah.edu.pk/admissions,,
Mohammad Ali Jinnah University (MAJU),Karachi,Sindh,MS Management Sciences,Masters,Business,ms,business,308000,https://www.jinnah.edu.pk/admissions,,
Mohammad Ali Jinnah University (MAJU),Karachi,Sindh,PhD Management Sciences,PhD,Business,phd,business,308000,https://www.jinnah.edu.pk/admissions,,
Iqra University,Karachi,Sindh,BS Computer Science,Bachelors,IT,bs,computer_science,258749,https://iqra.edu.pk/admissions,http://www.iqra.edu.pk/,True
Iqra University,Karachi,Sindh,BS Software Engineering,Bachelors,IT,bs,computer_science,258749,https://iqra.edu.pk/admissions,http://www.iqra.edu.pk/,True
Iqra University,Karachi,Sindh,BS Data Science,Bachelors,IT,bs,computer_science,258749,https://iqra.edu.pk/admissions,http://www.iqra.edu.pk/,True
Iqra University,Karachi,Sindh,BS Artificial Intelligence,Bachelors,IT,bs,computer_science,258749,https://iqra.edu.pk/admissions,http://www.iqra.edu.pk/,True
Iqra University,Karachi,Sindh,MS Computer Science,Masters,IT,ms,computer_science,258749,https://iqra.edu.pk/admissions,http://www.iqra.edu.pk/,True
Iqra University,Karachi,Sindh,PhD Computer Science,PhD,IT,phd,computer_science,258749,https://iqra.edu.pk/admissions,http://www.iqra.edu.pk/,True
Iqra University,Karachi,Sindh,BBA,Bachelors,Business,,business,247500,https://iqra.edu.pk/admissions,http://www.iqra.edu.pk/,True
Iqra University,Karachi,Sindh,BS Accounting & Finance,Bachelors,Business,bs,business,247500,https://iqra.edu.pk/admissions,http://www.iqra.edu.pk/,True
Iqra University,Karachi,Sindh,BS Economics,Bachelors,Business,bs,business,247500,https://iqra.edu.pk/admissions,http://www.iqra.edu.pk/,True
Iqra University,Karachi,Sindh,MBA,Masters,Business,,business,247500,https://iqra.edu.pk/admissions,http://www.iqra.edu.pk/,True
Iqra University,Karachi,Sindh,MS Management Sciences,Masters,Business,ms,business,247500,https://iqra.edu.pk/admissions,http://www.iqra.edu.pk/,True
Iqra University,Karachi,Sindh,PhD Management Sciences,PhD,Business,phd,business,247500,https://iqra.edu.pk/admissions,http://www.iqra.edu.pk/,True
Bahria University Karachi Campus,Karachi,Sindh,BS Computer Science,Bachelors,IT,bs,computer_science,345000,https://bahria.edu.pk/admissions,,
Bahria University Karachi Campus,Karachi,Sindh,BS Software Engineering,Bachelors,IT,bs,computer_science,345000,https://bahria.edu.pk/admissions,,
Bahria University Karachi Campus,Karachi,Sindh,BS Data Science,Bachelors,IT,bs,computer_science,345000,https://bahria.edu.pk/admissions,,
Bahria University Karachi Campus,Karachi,Sindh,BS Artificial Intelligence,Bachelors,IT,bs,computer_science,345000,https://bahria.edu.pk/admissions,,
Bahria University Karachi Campus,Karachi,Sindh,MS Computer Science,Masters,IT,ms,computer_science,345000,https://bahria.edu.pk/admissions,,
Bahria University Karachi Campus,Karachi,Sindh,PhD Computer Science,PhD,IT,phd,computer_science,345000,https://bahria.edu.pk/admissions,,
Bahria University Karachi Campus,Karachi,Sindh,BBA,Bachelors,Business,,business,330000,https://bahria.edu.pk/admissions,,
Bahria University Karachi Campus,Karachi,Sindh,BS Accounting & Finance,Bachelors,Business,bs,business,330000,https://bahria.edu.pk/admissions,,
Bahria University Karachi Campus,Karachi,Sindh,BS Economics,Bachelors,Business,bs,business,330000,https://bahria.edu.pk/admissions,,
Bahria University Karachi Campus,Karachi,Sindh,MBA,Masters,Business,,business,330000,https://bahria.edu.pk/admissions,,
Bahria University Karachi Campus,Karachi,Sindh,MS Management Sciences,Masters,Business,ms,business,330000,https://bahria.edu.pk/admissions,,
Bahria University Karachi Campus,Karachi,Sindh,PhD Management Sciences,PhD,Business,phd,business,330000,https://bahria.edu.pk/admissions,,
Mehran University of Engineering & Technology (MUET),Jamshoro,Sindh,BE Electrical Engineering,Bachelors,Engineering,bs,engineering,97749,https://www.muet.edu.pk/admissions,,
Mehran University of Engineering & Technology (MUET),Jamshoro,Sindh,BE Mechanical Engineering,Bachelors,Engineering,bs,engineering,97749,https://www.muet.edu.pk/admissions,,
Mehran University of Engineering & Technology (MUET),Jamshoro,Sindh,BE Civil Engineering,Bachelors,Engineering,bs,engineering,97749,https://www.muet.edu.pk/admissions,,
Mehran University of Engineering & Technology (MUET),Jamshoro,Sindh,BSc Engineering (Computer/Software),Bachelors,Engineering,bs,engineering,97749,https://www.muet.edu.pk/admissions,,
Mehran University of Engineering & Technology (MUET),Jamshoro,Sindh,MS Electrical Engineering,Masters,Engineering,ms,engineering,97749,https://www.muet.edu.pk/admissions,,
Mehran University of Engineering & Technology (MUET),Jamshoro,Sindh,PhD Engineering,PhD,Engineering,phd,engineering,97749,https://www.muet.edu.pk/admissions,,
Mehran University of Engineering & Technology (MUET),Jamshoro,Sindh,BS Computer Science,Bachelors,IT,bs,computer_science,97749,https://www.muet.edu.pk/admissions,,
Mehran University of Engineering & Technology (MUET),Jamshoro,Sindh,BS Software Engineering,Bachelors,IT,bs,computer_science,97749,https://www.muet.edu.pk/admissions,,
Mehran University of Engineering & Technology (MUET),Jamshoro,Sindh,BS Data Science,Bachelors,IT,bs,computer_science,97749,https://www.muet.edu.pk/admissions,,
Mehran University of Engineering & Technology (MUET),Jamshoro,Sindh,BS Artificial Intelligence,Bachelors,IT,bs,computer_science,97749,https://www.muet.edu.pk/admissions,,
Mehran University of Engineering & Technology (MUET),Jamshoro,Sindh,MS Computer Science,Masters,IT,ms,computer_science,97749,https://www.muet.edu.pk/admissions,,
Mehran University of Engineering & Technology (MUET),Jamshoro,Sindh,PhD Computer Science,PhD,IT,phd,computer_science,97749,https://www.muet.edu.pk/admissions,,
QUEST Nawabshah,Nawabshah,Sindh,BE Electrical Engineering,Bachelors,Engineering,bs,engineering,97749,https://www.quest.edu.pk/admissions,,
QUEST Nawabshah,Nawabshah,Sindh,BE Mechanical Engineering,Bachelors,Engineering,bs,engineering,97749,https://www.quest.edu.pk/admissions,,
QUEST Nawabshah,Nawabshah,Sindh,BE Civil Engineering,Bachelors,Engineering,bs,engineering,97749,https://www.quest.edu.pk/admissions,,
QUEST Nawabshah,Nawabshah,Sindh,BSc Engineering (Computer/Software),Bachelors,Engineering,bs,engineering,97749,https://www.quest.edu.pk/admissions,,
QUEST Nawabshah,Nawabshah,Sindh,MS Electrical Engineering,Masters,Engineering,ms,engineering,97749,https://www.quest.edu.pk/admissions,,
QUEST Nawabshah,Nawabshah,Sindh,PhD Engineering,PhD,Engineering,phd,engineering,97749,https://www.quest.edu.pk/admissions,,
QUEST Nawabshah,Nawabshah,Sindh,BS Computer Science,Bachelors,IT,bs,computer_science,97749,https://www.quest.edu.pk/admissions,,
QUEST Nawabshah,Nawabshah,Sindh,BS Software Engineering,Bachelors,IT,bs,computer_science,97749,https://www.quest.edu.pk/admissions,,
QUEST Nawabshah,Nawabshah,Sindh,BS Data Science,Bachelors,IT,bs,computer_science,97749,https://www.quest.edu.pk/admissions,,
QUEST Nawabshah,Nawabshah,Sindh,BS Artificial Intelligence,Bachelors,IT,bs,computer_science,97749,https://www.quest.edu.pk/admissions,,
QUEST Nawabshah,Nawabshah,Sindh,MS Computer Science,Masters,IT,ms,computer_science,97749,https://www.quest.edu.pk/admissions,,
QUEST Nawabshah,Nawabshah,Sindh,PhD Computer Science,PhD,IT,phd,computer_science,97749,https://www.quest.edu.pk/admissions,,
Sukkur IBA University,Sukkur,Sindh,BS Computer Science,Bachelors,IT,bs,computer_science,161000,https://www.iba-suk.edu.pk/admissions,http://iba-suk.edu.pk,True
Sukkur IBA University,Sukkur,Sindh,BS Software Engineering,Bachelors,IT,bs,computer_science,161000,https://www.iba-suk.edu.pk/admissions,http://iba-suk.edu.pk,True
Sukkur IBA University,Sukkur,Sindh,BS Data Science,Bachelors,IT,bs,computer_science,161000,https://www.iba-suk.edu.pk/admissions,http://iba-suk.edu.pk,True
Sukkur IBA University,Sukkur,Sindh,BS Artificial Intelligence,Bachelors,IT,bs,computer_science,161000,https://www.iba-suk.edu.pk/admissions,http://iba-suk.edu.pk,True
Sukkur IBA University,Sukkur,Sindh,MS Computer Science,Masters,IT,ms,computer_science,161000,https://www.iba-suk.edu.pk/admissions,http://iba-suk.edu.pk,True
Sukkur IBA University,Sukkur,Sindh,PhD Computer Science,PhD,IT,phd,computer_science,161000,https://www.iba-suk.edu.pk/admissions,http://iba-suk.edu.pk,True
Sukkur IBA University,Sukkur,Sindh,BBA,Bachelors,Business,,business,154000,https://www.iba-suk.edu.pk/admissions,http://iba-suk.edu.pk,True
Sukkur IBA University,Sukkur,Sindh,BS Accounting & Finance,Bachelors,Business,bs,business,154000,https://www.iba-suk.edu.pk/admissions,http://iba-suk.edu.pk,True
Sukkur IBA University,Sukkur,Sindh,BS Economics,Bachelors,Business,bs,business,154000,https://www.iba-suk.edu.pk/admissions,http://iba-suk.edu.pk,True
Sukkur IBA University,Sukkur,Sindh,MBA,Masters,Business,,business,154000,https://www.iba-suk.edu.pk/admissions,http://iba-suk.edu.pk,True
Sukkur IBA University,Sukkur,Sindh,MS Management Sciences,Masters,Business,ms,business,154000,https://www.iba-suk.edu.pk/admissions,http://iba-suk.edu.pk,True
Sukkur IBA University,Sukkur,Sindh,PhD Management Sciences,PhD,Business,phd,business,154000,https://www.iba-suk.edu.pk/admissions,http://iba-suk.edu.pk,True
UET Lahore,Lahore,Punjab,BE Electrical Engineering,Bachelors,Engineering,bs,engineering,114999,https://admission.uet.edu.pk/,,
UET Lahore,Lahore,Punjab,BE Mechanical Engineering,Bachelors,Engineering,bs,engineering,114999,https://admission.uet.edu.pk/,,
UET Lahore,Lahore,Punjab,BE Civil Engineering,Bachelors,Engineering,bs,engineering,114999,https://admission.uet.edu.pk/,,
UET Lahore,Lahore,Punjab,BSc Engineering (Computer/Software),Bachelors,Engineering,bs,engineering,114999,https://admission.uet.edu.pk/,,
UET Lahore,Lahore,Punjab,MS Electrical Engineering,Masters,Engineering,ms,engineering,114999,https://admission.uet.edu.pk/,,
UET Lahore,Lahore,Punjab,PhD Engineering,PhD,Engineering,phd,engineering,114999,https://admission.uet.edu.pk/,,
UET Lahore,Lahore,Punjab,BS Computer Science,Bachelors,IT,bs,computer_science,114999,https://admission.uet.edu.pk/,,
UET Lahore,Lahore,Punjab,BS Software Engineering,Bachelors,IT,bs,computer_science,114999,https://admission.uet.edu.pk/,,
UET Lahore,Lahore,Punjab,BS Data Science,Bachelors,IT,bs,computer_science,114999,https://admission.uet.edu.pk/,,
UET Lahore,Lahore,Punjab,BS Artificial Intelligence,Bachelors,IT,bs,computer_science,114999,https://admission.uet.edu.pk/,,
UET Lahore,Lahore,Punjab,MS Computer Science,Masters,IT,ms,computer_science,114999,https://admission.uet.edu.pk/,,
UET Lahore,Lahore,Punjab,PhD Computer Science,PhD,IT,phd,computer_science,114999,https://admission.uet.edu.pk/,,
UET Taxila,Taxila,Punjab,BE Electrical Engineering,Bachelors,Engineering,bs,engineering,114999,https://admissions.uettaxila.edu.pk/,,
UET Taxila,Taxila,Punjab,BE Mechanical Engineering,Bachelors,Engineering,bs,engineering,114999,https://admissions.uettaxila.edu.pk/,,
UET Taxila,Taxila,Punjab,BE Civil Engineering,Bachelors,Engineering,bs,engineering,114999,https://admissions.uettaxila.edu.pk/,,
UET Taxila,Taxila,Punjab,BSc Engineering (Computer/Software),Bachelors,Engineering,bs,engineering,114999,https://admissions.uettaxila.edu.pk/,,
UET Taxila,Taxila,Punjab,MS Electrical Engineering,Masters,Engineering,ms,engineering,114999,https://admissions.uettaxila.edu.pk/,,
UET Taxila,Taxila,Punjab,PhD Engineering,PhD,Engineering,phd,engineering,114999,https://admissions.uettaxila.edu.pk/,,
UET Taxila,Taxila,Punjab,BS Computer Science,Bachelors,IT,bs,computer_science,114999,https://admissions.uettaxila.edu.pk/,,
UET Taxila,Taxila,Punjab,BS Software Engineering,Bachelors,IT,bs,computer_science,114999,https://admissions.uettaxila.edu.pk/,,
UET Taxila,Taxila,Punjab,BS Data Science,Bachelors,IT,bs,computer_science,114999,https://admissions.uettaxila.edu.pk/,,
UET Taxila,Taxila,Punjab,BS Artificial Intelligence,Bachelors,IT,bs,computer_science,114999,https://admissions.uettaxila.edu.pk/,,
UET Taxila,Taxila,Punjab,MS Computer Science,Masters,IT,ms,computer_science,114999,https://admissions.uettaxila.edu.pk/,,
UET Taxila,Taxila,Punjab,PhD Computer Science,PhD,IT,phd,computer_science,114999,https://admissions.uettaxila.edu.pk/,,
FAST-NUCES Lahore,Lahore,Punjab,BE Electrical Engineering,Bachelors,Engineering,bs,engineering,459999,https://nu.edu.pk/admissions,,
FAST-NUCES Lahore,Lahore,Punjab,BE Mechanical Engineering,Bachelors,Engineering,bs,engineering,459999,https://nu.edu.pk/admissions,,
FAST-NUCES Lahore,Lahore,Punjab,BE Civil Engineering,Bachelors,Engineering,bs,engineering,459999,https://nu.edu.pk/admissions,,
FAST-NUCES Lahore,Lahore,Punjab,BSc Engineering (Computer/Software),Bachelors,Engineering,bs,engineering,459999,https://nu.edu.pk/admissions,,
FAST-NUCES Lahore,Lahore,Punjab,MS Electrical Engineering,Masters,Engineering,ms,engineering,459999,https://nu.edu.pk/admissions,,
FAST-NUCES Lahore,Lahore,Punjab,PhD Engineering,PhD,Engineering,phd,engineering,459999,https://nu.edu.pk/admissions,,
FAST-NUCES Lahore,Lahore,Punjab,BS Computer Science,Bachelors,IT,bs,computer_science,459999,https://nu.edu.pk/admissions,,
FAST-NUCES Lahore,Lahore,Punjab,BS Software Engineering,Bachelors,IT,bs,computer_science,459999,https://nu.edu.pk/admissions,,
FAST-NUCES Lahore,Lahore,Punjab,BS Data Science,Bachelors,IT,bs,computer_science,459999,https://nu.edu.pk/admissions,,
FAST-NUCES Lahore,Lahore,Punjab,BS Artificial Intelligence,Bachelors,IT,bs,computer_science,459999,https://nu.edu.pk/admissions,,
FAST-NUCES Lahore,Lahore,Punjab,MS Computer Science,Masters,IT,ms,computer_science,459999,https://nu.edu.pk/admissions,,
FAST-NUCES Lahore,Lahore,Punjab,PhD Computer Science,PhD,IT,phd,computer_science,459999,https://nu.edu.pk/admissions,,
FAST-NUCES Lahore,Lahore,Punjab,BBA,Bachelors,Business,,business,440000,https://nu.edu.pk/admissions,,
FAST-NUCES Lahore,Lahore,Punjab,BS Accounting & Finance,Bachelors,Business,bs,business,440000,https://nu.edu.pk/admissions,,
FAST-NUCES Lahore,Lahore,Punjab,BS Economics,Bachelors,Business,bs,business,440000,https://nu.edu.pk/admissions,,
FAST-NUCES Lahore,Lahore,Punjab,MBA,Masters,Business,,business,440000,https://nu.edu.pk/admissions,,
FAST-NUCES Lahore,Lahore,Punjab,MS Management Sciences,Masters,Business,ms,business,440000,https://nu.edu.pk/admissions,,
FAST-NUCES Lahore,Lahore,Punjab,PhD Management Sciences,PhD,Business,phd,business,440000,https://nu.edu.pk/admissions,,
LUMS,Lahore,Punjab,BE Electrical Engineering,Bachelors,Engineering,bs,engineering,1265000,https://admissions.lums.edu.pk/,,
LUMS,Lahore,Punjab,BE Mechanical Engineering,Bachelors,Engineering,bs,engineering,1265000,https://admissions.lums.edu.pk/,,
LUMS,Lahore,Punjab,BE Civil Engineering,Bachelors,Engineering,bs,engineering,1265000,https://admissions.lums.edu.pk/,,
LUMS,Lahore,Punjab,BSc Engineering (Computer/Software),Bachelors,Engineering,bs,engineering,1265000,https://admissions.lums.edu.pk/,,
LUMS,Lahore,Punjab,MS Electrical Engineering,Masters,Engineering,ms,engineering,1265000,https://admissions.lums.edu.pk/,,
LUMS,Lahore,Punjab,PhD Engineering,PhD,Engineering,phd,engineering,1265000,https://admissions.lums.edu.pk/,,
LUMS,Lahore,Punjab,BS Computer Science,Bachelors,IT,bs,computer_science,1265000,https://admissions.lums.edu.pk/,,
LUMS,Lahore,Punjab,BS Software Engineering,Bachelors,IT,bs,computer_science,1265000,https://admissions.lums.edu.pk/,,
LUMS,Lahore,Punjab,BS Data Science,Bachelors,IT,bs,computer_science,1265000,https://admissions.lums.edu.pk/,,
LUMS,Lahore,Punjab,BS Artificial Intelligence,Bachelors,IT,bs,computer_science,1265000,https://admissions.lums.edu.pk/,,
LUMS,Lahore,Punjab,MS Computer Science,Masters,IT,ms,computer_science,1265000,https://admissions.lums.edu.pk/,,
LUMS,Lahore,Punjab,PhD Computer Science,PhD,IT,phd,computer_science,1265000,https://admissions.lums.edu.pk/,,
LUMS,Lahore,Punjab,BBA,Bachelors,Business,,business,1210000,https://admissions.lums.edu.pk/,,
LUMS,Lahore,Punjab,BS Accounting & Finance,Bachelors,Business,bs,business,1210000,https://admissions.lums.edu.pk/,,
LUMS,Lahore,Punjab,BS Economics,Bachelors,Business,bs,business,1210000,https://admissions.lums.edu.pk/,,
LUMS,Lahore,Punjab,MBA,Masters,Business,,business,1210000,https://admissions.lums.edu.pk/,,
LUMS,Lahore,Punjab,MS Management Sciences,Masters,Business,ms,business,1210000,https://admissions.lums.edu.pk/,,
LUMS,Lahore,Punjab,PhD Management Sciences,PhD,Business,phd,business,1210000,https://admissions.lums.edu.pk/,,
PUCIT (Punjab University),Lahore,Punjab,BS Computer Science,Bachelors,IT,bs,computer_science,132250,https://pucit.edu.pk/admissions,,
PUCIT (Punjab University),Lahore,Punjab,BS Software Engineering,Bachelors,IT,bs,computer_science,132250,https://pucit.edu.pk/admissions,,
PUCIT (Punjab University),Lahore,Punjab,BS Data Science,Bachelors,IT,bs,computer_science,132250,https://pucit.edu.pk/admissions,,
PUCIT (Punjab University),Lahore,Punjab,BS Artificial Intelligence,Bachelors,IT,bs,computer_science,132250,https://pucit.edu.pk/admissions,,
PUCIT (Punjab University),Lahore,Punjab,MS Computer Science,Masters,IT,ms,computer_science,132250,https://pucit.edu.pk/admissions,,
PUCIT (Punjab University),Lahore,Punjab,PhD Computer Science,PhD,IT,phd,computer_science,132250,https://pucit.edu.pk/admissions,,
Information Technology University (ITU),Lahore,Punjab,BS Computer Science,Bachelors,IT,bs,computer_science,287500,https://itu.edu.pk/admissions,,
Information Technology University (ITU),Lahore,Punjab,BS Software Engineering,Bachelors,IT,bs,computer_science,287500,https://itu.edu.pk/admissions,,
Information Technology University (ITU),Lahore,Punjab,BS Data Science,Bachelors,IT,bs,computer_science,287500,https://itu.edu.pk/admissions,,
Information Technology University (ITU),Lahore,Punjab,BS Artificial Intelligence,Bachelors,IT,bs,computer_science,287500,https://itu.edu.pk/admissions,,
Information Technology University (ITU),Lahore,Punjab,MS Computer Science,Masters,IT,ms,computer_science,287500,https://itu.edu.pk/admissions,,
Information Technology University (ITU),Lahore,Punjab,PhD Computer Science,PhD,IT,phd,computer_science,287500,https://itu.edu.pk/admissions,,
COMSATS Lahore,Lahore,Punjab,BE Electrical Engineering,Bachelors,Engineering,bs,engineering,201249,https://lahore.comsats.edu.pk/admissions,,
COMSATS Lahore,Lahore,Punjab,BE Mechanical Engineering,Bachelors,Engineering,bs,engineering,201249,https://lahore.comsats.edu.pk/admissions,,
COMSATS Lahore,Lahore,Punjab,BE Civil Engineering,Bachelors,Engineering,bs,engineering,201249,https://lahore.comsats.edu.pk/admissions,,
COMSATS Lahore,Lahore,Punjab,BSc Engineering (Computer/Software),Bachelors,Engineering,bs,engineering,201249,https://lahore.comsats.edu.pk/admissions,,
COMSATS Lahore,Lahore,Punjab,MS Electrical Engineering,Masters,Engineering,ms,engineering,201249,https://lahore.comsats.edu.pk/admissions,,
COMSATS Lahore,Lahore,Punjab,PhD Engineering,PhD,Engineering,phd,engineering,201249,https://lahore.comsats.edu.pk/admissions,,
COMSATS Lahore,Lahore,Punjab,BS Computer Science,Bachelors,IT,bs,computer_science,201249,https://lahore.comsats.edu.pk/admissions,,
COMSATS Lahore,Lahore,Punjab,BS Software Engineering,Bachelors,IT,bs,computer_science,201249,https://lahore.comsats.edu.pk/admissions,,
COMSATS Lahore,Lahore,Punjab,BS Data Science,Bachelors,IT,bs,computer_science,201249,https://lahore.comsats.edu.pk/admissions,,
COMSATS Lahore,Lahore,Punjab,BS Artificial Intelligence,Bachelors,IT,bs,computer_science,201249,https://lahore.comsats.edu.pk/admissions,,
COMSATS Lahore,Lahore,Punjab,MS Computer Science,Masters,IT,ms,computer_science,201249,https://lahore.comsats.edu.pk/admissions,,
COMSATS Lahore,Lahore,Punjab,PhD Computer Science,PhD,IT,phd,computer_science,201249,https://lahore.comsats.edu.pk/admissions,,
COMSATS Lahore,Lahore,Punjab,BBA,Bachelors,Business,,business,192500,https://lahore.comsats.edu.pk/admissions,,
COMSATS Lahore,Lahore,Punjab,BS Accounting & Finance,Bachelors,Business,bs,business,192500,https://lahore.comsats.edu.pk/admissions,,
COMSATS Lahore,Lahore,Punjab,BS Economics,Bachelors,Business,bs,business,192500,https://lahore.comsats.edu.pk/admissions,,
COMSATS Lahore,Lahore,Punjab,MBA,Masters,Business,,business,192500,https://lahore.comsats.edu.pk/admissions,,
COMSATS Lahore,Lahore,Punjab,MS Management Sciences,Masters,Business,ms,business,192500,https://lahore.comsats.edu.pk/admissions,,
COMSATS Lahore,Lahore,Punjab,PhD Management Sciences,PhD,Business,phd,business,192500,https://lahore.comsats.edu.pk/admissions,,
University of Lahore (UOL),Lahore,Punjab,BE Electrical Engineering,Bachelors,Engineering,bs,engineering,333500,https://uol.edu.pk/admissions,,
University of Lahore (UOL),Lahore,Punjab,BE Mechanical Engineering,Bachelors,Engineering,bs,engineering,333500,https://uol.edu.pk/admissions,,
University of Lahore (UOL),Lahore,Punjab,BE Civil Engineering,Bachelors,Engineering,bs,engineering,333500,https://uol.edu.pk/admissions,,
University of Lahore (UOL),Lahore,Punjab,BSc Engineering (Computer/Software),Bachelors,Engineering,bs,engineering,333500,https://uol.edu.pk/admissions,,
University of Lahore (UOL),Lahore,Punjab,MS Electrical Engineering,Masters,Engineering,ms,engineering,333500,https://uol.edu.pk/admissions,,
University of Lahore (UOL),Lahore,Punjab,PhD Engineering,PhD,Engineering,phd,engineering,333500,https://uol.edu.pk/admissions,,
University of Lahore (UOL),Lahore,Punjab,BS Computer Science,Bachelors,IT,bs,computer_science,333500,https://uol.edu.pk/admissions,,
University of Lahore (UOL),Lahore,Punjab,BS Software Engineering,Bachelors,IT,bs,computer_science,333500,https://uol.edu.pk/admissions,,
University of Lahore (UOL),Lahore,Punjab,BS Data Science,Bachelors,IT,bs,computer_science,333500,https://uol.edu.pk/admissions,,
University of Lahore (UOL),Lahore,Punjab,BS Artificial Intelligence,Bachelors,IT,bs,computer_science,333500,https://uol.edu.pk/admissions,,
University of Lahore (UOL),Lahore,Punjab,MS Computer Science,Masters,IT,ms,computer_science,333500,https://uol.edu.pk/admissions,,
University of Lahore (UOL),Lahore,Punjab,PhD Computer Science,PhD,IT,phd,computer_science,333500,https://uol.edu.pk/admissions,,
University of Lahore (UOL),Lahore,Punjab,BBA,Bachelors,Business,,business,319000,https://uol.edu.pk/admissions,,
University of Lahore (UOL),Lahore,Punjab,BS Accounting & Finance,Bachelors,Business,bs,business,319000,https://uol.edu.pk/admissions,,
University of Lahore (UOL),Lahore,Punjab,BS Economics,Bachelors,Business,bs,business,319000,https://uol.edu.pk/admissions,,
University of Lahore (UOL),Lahore,Punjab,MBA,Masters,Business,,business,319000,https://uol.edu.pk/admissions,,
University of Lahore (UOL),Lahore,Punjab,MS Management Sciences,Masters,Business,ms,business,319000,https://uol.edu.pk/admissions,,
University of Lahore (UOL),Lahore,Punjab,PhD Management Sciences,PhD,Business,phd,business,319000,https://uol.edu.pk/admissions,,
University of Central Punjab (UCP),Lahore,Punjab,BE Electrical Engineering,Bachelors,Engineering,bs,engineering,356500,https://ucp.edu.pk/admissions,,
University of Central Punjab (UCP),Lahore,Punjab,BE Mechanical Engineering,Bachelors,Engineering,bs,engineering,356500,https://ucp.edu.pk/admissions,,
University of Central Punjab (UCP),Lahore,Punjab,BE Civil Engineering,Bachelors,Engineering,bs,engineering,356500,https://ucp.edu.pk/admissions,,
University of Central Punjab (UCP),Lahore,Punjab,BSc Engineering (Computer/Software),Bachelors,Engineering,bs,engineering,356500,https://ucp.edu.pk/admissions,,
University of Central Punjab (UCP),Lahore,Punjab,MS Electrical Engineering,Masters,Engineering,ms,engineering,356500,https://ucp.edu.pk/admissions,,
University of Central Punjab (UCP),Lahore,Punjab,PhD Engineering,PhD,Engineering,phd,engineering,356500,https://ucp.edu.pk/admissions,,
University of Central Punjab (UCP),Lahore,Punjab,BS Computer Science,Bachelors,IT,bs,computer_science,356500,https://ucp.edu.pk/admissions,,
University of Central Punjab (UCP),Lahore,Punjab,BS Software Engineering,Bachelors,IT,bs,computer_science,356500,https://ucp.edu.pk/admissions,,
University of Central Punjab (UCP),Lahore,Punjab,BS Data Science,Bachelors,IT,bs,computer_science,356500,https://ucp.edu.pk/admissions,,
University of Central Punjab (UCP),Lahore,Punjab,BS Artificial Intelligence,Bachelors,IT,bs,computer_science,356500,https://ucp.edu.pk/admissions,,
University of Central Punjab (UCP),Lahore,Punjab,MS Computer Science,Masters,IT,ms,computer_science,356500,https://ucp.edu.pk/admissions,,
University of Central Punjab (UCP),Lahore,Punjab,PhD Computer Science,PhD,IT,phd,computer_science,356500,https://ucp.edu.pk/admissions,,
University of Central Punjab (UCP),Lahore,Punjab,BBA,Bachelors,Business,,business,341000,https://ucp.edu.pk/admissions,,
University of Central Punjab (UCP),Lahore,Punjab,BS Accounting & Finance,Bachelors,Business,bs,business,341000,https://ucp.edu.pk/admissions,,
University of Central Punjab (UCP),Lahore,Punjab,BS Economics,Bachelors,Business,bs,business,341000,https://ucp.edu.pk/admissions,,
University of Central Punjab (UCP),Lahore,Punjab,MBA,Masters,Business,,business,341000,https://ucp.edu.pk/admissions,,
University of Central Punjab (UCP),Lahore,Punjab,MS Management Sciences,Masters,Business,ms,business,341000,https://ucp.edu.pk/admissions,,
University of Central Punjab (UCP),Lahore,Punjab,PhD Management Sciences,PhD,Business,phd,business,341000,https://ucp.edu.pk/admissions,,
University of Management & Technology (UMT),Lahore,Punjab,BE Electrical Engineering,Bachelors,Engineering,bs,engineering,345000,https://admissions.umt.edu.pk/,,
University of Management & Technology (UMT),Lahore,Punjab,BE Mechanical Engineering,Bachelors,Engineering,bs,engineering,345000,https://admissions.umt.edu.pk/,,
University of Management & Technology (UMT),Lahore,Punjab,BE Civil Engineering,Bachelors,Engineering,bs,engineering,345000,https://admissions.umt.edu.pk/,,
University of Management & Technology (UMT),Lahore,Punjab,BSc Engineering (Computer/Software),Bachelors,Engineering,bs,engineering,345000,https://admissions.umt.edu.pk/,,
University of Management & Technology (UMT),Lahore,Punjab,MS Electrical Engineering,Masters,Engineering,ms,engineering,345000,https://admissions.umt.edu.pk/,,
University of Management & Technology (UMT),Lahore,Punjab,PhD Engineering,PhD,Engineering,phd,engineering,345000,https://admissions.umt.edu.pk/,,
University of Management & Technology (UMT),Lahore,Punjab,BS Computer Science,Bachelors,IT,bs,computer_science,345000,https://admissions.umt.edu.pk/,,
University of Management & Technology (UMT),Lahore,Punjab,BS Software Engineering,Bachelors,IT,bs,computer_science,345000,https://admissions.umt.edu.pk/,,
University of Management & Technology (UMT),Lahore,Punjab,BS Data Science,Bachelors,IT,bs,computer_science,345000,https://admissions.umt.edu.pk/,,
University of Management & Technology (UMT),Lahore,Punjab,BS Artificial Intelligence,Bachelors,IT,bs,computer_science,345000,https://admissions.umt.edu.pk/,,
University of Management & Technology (UMT),Lahore,Punjab,MS Computer Science,Masters,IT,ms,computer_science,345000,https://admissions.umt.edu.pk/,,
University of Management & Technology (UMT),Lahore,Punjab,PhD Computer Science,PhD,IT,phd,computer_science,345000,https://admissions.umt.edu.pk/,,
University of Management & Technology (UMT),Lahore,Punjab,BBA,Bachelors,Business,,business,330000,https://admissions.umt.edu.pk/,,
University of Management & Technology (UMT),Lahore,Punjab,BS Accounting & Finance,Bachelors,Business,bs,business,330000,https://admissions.umt.edu.pk/,,
University of Management & Technology (UMT),Lahore,Punjab,BS Economics,Bachelors,Business,bs,business,330000,https://admissions.umt.edu.pk/,,
University of Management & Technology (UMT),Lahore,Punjab,MBA,Masters,Business,,business,330000,https://admissions.umt.edu.pk/,,
University of Management & Technology (UMT),Lahore,Punjab,MS Management Sciences,Masters,Business,ms,business,330000,https://admissions.umt.edu.pk/,,
University of Management & Technology (UMT),Lahore,Punjab,PhD Management Sciences,PhD,Business,phd,business,330000,https://admissions.umt.edu.pk/,,
Lahore School of Economics (LSE),Lahore,Punjab,BBA,Bachelors,Business,,business,770000,https://lse.edu.pk/admissions,,
Lahore School of Economics (LSE),Lahore,Punjab,BS Accounting & Finance,Bachelors,Business,bs,business,770000,https://lse.edu.pk/admissions,,
Lahore School of Economics (LSE),Lahore,Punjab,BS Economics,Bachelors,Business,bs,business,770000,https://lse.edu.pk/admissions,,
Lahore School of Economics (LSE),Lahore,Punjab,MBA,Masters,Business,,business,770000,https://lse.edu.pk/admissions,,
Lahore School of Economics (LSE),Lahore,Punjab,MS Management Sciences,Masters,Business,ms,business,770000,https://lse.edu.pk/admissions,,
Lahore School of Economics (LSE),Lahore,Punjab,PhD Management Sciences,PhD,Business,phd,business,770000,https://lse.edu.pk/admissions,,
NFC IET Multan,Multan,Punjab,BE Electrical Engineering,Bachelors,Engineering,bs,engineering,120749,https://www.nfciet.edu.pk/admissions,,
NFC IET Multan,Multan,Punjab,BE Mechanical Engineering,Bachelors,Engineering,bs,engineering,120749,https://www.nfciet.edu.pk/admissions,,
NFC IET Multan,Multan,Punjab,BE Civil Engineering,Bachelors,Engineering,bs,engineering,120749,https://www.nfciet.edu.pk/admissions,,
NFC IET Multan,Multan,Punjab,BSc Engineering (Computer/Software),Bachelors,Engineering,bs,engineering,120749,https://www.nfciet.edu.pk/admissions,,
NFC IET Multan,Multan,Punjab,MS Electrical Engineering,Masters,Engineering,ms,engineering,120749,https://www.nfciet.edu.pk/admissions,,
NFC IET Multan,Multan,Punjab,PhD Engineering,PhD,Engineering,phd,engineering,120749,https://www.nfciet.edu.pk/admissions,,
NFC IET Multan,Multan,Punjab,BS Computer Science,Bachelors,IT,bs,computer_science,120749,https://www.nfciet.edu.pk/admissions,,
NFC IET Multan,Multan,Punjab,BS Software Engineering,Bachelors,IT,bs,computer_science,120749,https://www.nfciet.edu.pk/admissions,,
NFC IET Multan,Multan,Punjab,BS Data Science,Bachelors,IT,bs,computer_science,120749,https://www.nfciet.edu.pk/admissions,,
NFC IET Multan,Multan,Punjab,BS Artificial Intelligence,Bachelors,IT,bs,computer_science,120749,https://www.nfciet.edu.pk/admissions,,
NFC IET Multan,Multan,Punjab,MS Computer Science,Masters,IT,ms,computer_science,120749,https://www.nfciet.edu.pk/admissions,,
NFC IET Multan,Multan,Punjab,PhD Computer Science,PhD,IT,phd,computer_science,120749,https://www.nfciet.edu.pk/admissions,,
HITEC University Taxila,Taxila,Punjab,BE Electrical Engineering,Bachelors,Engineering,bs,engineering,287500,https://hitecuni.edu.pk/admissions,,
HITEC University Taxila,Taxila,Punjab,BE Mechanical Engineering,Bachelors,Engineering,bs,engineering,287500,https://hitecuni.edu.pk/admissions,,
HITEC University Taxila,Taxila,Punjab,BE Civil Engineering,Bachelors,Engineering,bs,engineering,287500,https://hitecuni.edu.pk/admissions,,
HITEC University Taxila,Taxila,Punjab,BSc Engineering (Computer/Software),Bachelors,Engineering,bs,engineering,287500,https://hitecuni.edu.pk/admissions,,
HITEC University Taxila,Taxila,Punjab,MS Electrical Engineering,Masters,Engineering,ms,engineering,287500,https://hitecuni.edu.pk/admissions,,
HITEC University Taxila,Taxila,Punjab,PhD Engineering,PhD,Engineering,phd,engineering,287500,https://hitecuni.edu.pk/admissions,,
HITEC University Taxila,Taxila,Punjab,BS Computer Science,Bachelors,IT,bs,computer_science,287500,https://hitecuni.edu.pk/admissions,,
HITEC University Taxila,Taxila,Punjab,BS Software Engineering,Bachelors,IT,bs,computer_science,287500,https://hitecuni.edu.pk/admissions,,
HITEC University Taxila,Taxila,Punjab,BS Data Science,Bachelors,IT,bs,computer_science,287500,https://hitecuni.edu.pk/admissions,,
HITEC University Taxila,Taxila,Punjab,BS Artificial Intelligence,Bachelors,IT,bs,computer_science,287500,https://hitecuni.edu.pk/admissions,,
HITEC University Taxila,Taxila,Punjab,MS Computer Science,Masters,IT,ms,computer_science,287500,https://hitecuni.edu.pk/admissions,,
HITEC University Taxila,Taxila,Punjab,PhD Computer Science,PhD,IT,phd,computer_science,287500,https://hitecuni.edu.pk/admissions,,
HITEC University Taxila,Taxila,Punjab,BBA,Bachelors,Business,,business,275000,https://hitecuni.edu.pk/admissions,,
HITEC University Taxila,Taxila,Punjab,BS Accounting & Finance,Bachelors,Business,bs,business,275000,https://hitecuni.edu.pk/admissions,,
HITEC University Taxila,Taxila,Punjab,BS Economics,Bachelors,Business,bs,business,275000,https://hitecuni.edu.pk/admissions,,
HITEC University Taxila,Taxila,Punjab,MBA,Masters,Business,,business,275000,https://hitecuni.edu.pk/admissions,,
HITEC University Taxila,Taxila,Punjab,MS Management Sciences,Masters,Business,ms,business,275000,https://hitecuni.edu.pk/admissions,,
HITEC University Taxila,Taxila,Punjab,PhD Management Sciences,PhD,Business,phd,business,275000,https://hitecuni.edu.pk/admissions,,
University of Wah,Wah Cantt,Punjab,BE Electrical Engineering,Bachelors,Engineering,bs,engineering,258749,https://uow.edu.pk/admissions,http://uow.edu.pk,True
University of Wah,Wah Cantt,Punjab,BE Mechanical Engineering,Bachelors,Engineering,bs,engineering,258749,https://uow.edu.pk/admissions,http://uow.edu.pk,True
University of Wah,Wah Cantt,Punjab,BE Civil Engineering,Bachelors,Engineering,bs,engineering,258749,https://uow.edu.pk/admissions,http://uow.edu.pk,True
University of Wah,Wah Cantt,Punjab,BSc Engineering (Computer/Software),Bachelors,Engineering,bs,engineering,258749,https://uow.edu.pk/admissions,http://uow.edu.pk,True
University of Wah,Wah Cantt,Punjab,MS Electrical Engineering,Masters,Engineering,ms,engineering,258749,https://uow.edu.pk/admissions,http://uow.edu.pk,True
University of Wah,Wah Cantt,Punjab,PhD Engineering,PhD,Engineering,phd,engineering,258749,https://uow.edu.pk/admissions,http://uow.edu.pk,True
University of Wah,Wah Cantt,Punjab,BS Computer Science,Bachelors,IT,bs,computer_science,258749,https://uow.edu.pk/admissions,http://uow.edu.pk,True
University of Wah,Wah Cantt,Punjab,BS Software Engineering,Bachelors,IT,bs,computer_science,258749,https://uow.edu.pk/admissions,http://uow.edu.pk,True
University of Wah,Wah Cantt,Punjab,BS Data Science,Bachelors,IT,bs,computer_science,258749,https://uow.edu.pk/admissions,http://uow.edu.pk,True
University of Wah,Wah Cantt,Punjab,BS Artificial Intelligence,Bachelors,IT,bs,computer_science,258749,https://uow.edu.pk/admissions,http://uow.edu.pk,True
University of Wah,Wah Cantt,Punjab,MS Computer Science,Masters,IT,ms,computer_science,258749,https://uow.edu.pk/admissions,http://uow.edu.pk,True
University of Wah,Wah Cantt,Punjab,PhD Computer Science,PhD,IT,phd,computer_science,258749,https://uow.edu.pk/admissions,http://uow.edu.pk,True
University of Wah,Wah Cantt,Punjab,BBA,Bachelors,Business,,business,247500,https://uow.edu.pk/admissions,http://uow.edu.pk,True
University of Wah,Wah Cantt,Punjab,BS Accounting & Finance,Bachelors,Business,bs,business,247500,https://uow.edu.pk/admissions,http://uow.edu.pk,True
University of Wah,Wah Cantt,Punjab,BS Economics,Bachelors,Business,bs,business,247500,https://uow.edu.pk/admissions,http://uow.edu.pk,True
University of Wah,Wah Cantt,Punjab,MBA,Masters,Business,,business,247500,https://uow.edu.pk/admissions,http://uow.edu.pk,True
University of Wah,Wah Cantt,Punjab,MS Management Sciences,Masters,Business,ms,business,247500,https://uow.edu.pk/admissions,http://uow.edu.pk,True
University of Wah,Wah Cantt,Punjab,PhD Management Sciences,PhD,Business,phd,business,247500,https://uow.edu.pk/admissions,http://uow.edu.pk,True
UET Peshawar,Peshawar,Khyber Pakhtunkhwa,BE Electrical Engineering,Bachelors,Engineering,bs,engineering,114999,https://www.uetpeshawar.edu.pk/admissions,,
UET Peshawar,Peshawar,Khyber Pakhtunkhwa,BE Mechanical Engineering,Bachelors,Engineering,bs,engineering,114999,https://www.uetpeshawar.edu.pk/admissions,,
UET Peshawar,Peshawar,Khyber Pakhtunkhwa,BE Civil Engineering,Bachelors,Engineering,bs,engineering,114999,https://www.uetpeshawar.edu.pk/admissions,,
UET Peshawar,Peshawar,Khyber Pakhtunkhwa,BSc Engineering (Computer/Software),Bachelors,Engineering,bs,engineering,114999,https://www.uetpeshawar.edu.pk/admissions,,
UET Peshawar,Peshawar,Khyber Pakhtunkhwa,MS Electrical Engineering,Masters,Engineering,ms,engineering,114999,https://www.uetpeshawar.edu.pk/admissions,,
UET Peshawar,Peshawar,Khyber Pakhtunkhwa,PhD Engineering,PhD,Engineering,phd,engineering,114999,https://www.uetpeshawar.edu.pk/admissions,,
UET Peshawar,Peshawar,Khyber Pakhtunkhwa,BS Computer Science,Bachelors,IT,bs,computer_science,114999,https://www.uetpeshawar.edu.pk/admissions,,
UET Peshawar,Peshawar,Khyber Pakhtunkhwa,BS Software Engineering,Bachelors,IT,bs,computer_science,114999,https://www.uetpeshawar.edu.pk/admissions,,
UET Peshawar,Peshawar,Khyber Pakhtunkhwa,BS Data Science,Bachelors,IT,bs,computer_science,114999,https://www.uetpeshawar.edu.pk/admissions,,
UET Peshawar,Peshawar,Khyber Pakhtunkhwa,BS Artificial Intelligence,Bachelors,IT,bs,computer_science,114999,https://www.uetpeshawar.edu.pk/admissions,,
UET Peshawar,Peshawar,Khyber Pakhtunkhwa,MS Computer Science,Masters,IT,ms,computer_science,114999,https://www.uetpeshawar.edu.pk/admissions,,
UET Peshawar,Peshawar,Khyber Pakhtunkhwa,PhD Computer Science,PhD,IT,phd,computer_science,114999,https://www.uetpeshawar.edu.pk/admissions,,
GIKI,Topi,Khyber Pakhtunkhwa,BE Electrical Engineering,Bachelors,Engineering,bs,engineering,1092500,https://admissions.giki.edu.pk/,,
GIKI,Topi,Khyber Pakhtunkhwa,BE Mechanical Engineering,Bachelors,Engineering,bs,engineering,1092500,https://admissions.giki.edu.pk/,,
GIKI,Topi,Khyber Pakhtunkhwa,BE Civil Engineering,Bachelors,Engineering,bs,engineering,1092500,https://admissions.giki.edu.pk/,,
GIKI,Topi,Khyber Pakhtunkhwa,BSc Engineering (Computer/Software),Bachelors,Engineering,bs,engineering,1092500,https://admissions.giki.edu.pk/,,
GIKI,Topi,Khyber Pakhtunkhwa,MS Electrical Engineering,Masters,Engineering,ms,engineering,1092500,https://admissions.giki.edu.pk/,,
GIKI,Topi,Khyber Pakhtunkhwa,PhD Engineering,PhD,Engineering,phd,engineering,1092500,https://admissions.giki.edu.pk/,,
GIKI,Topi,Khyber Pakhtunkhwa,BS Computer Science,Bachelors,IT,bs,computer_science,1092500,https://admissions.giki.edu.pk/,,
GIKI,Topi,Khyber Pakhtunkhwa,BS Software Engineering,Bachelors,IT,bs,computer_science,1092500,https://admissions.giki.edu.pk/,,
GIKI,Topi,Khyber Pakhtunkhwa,BS Data Science,Bachelors,IT,bs,computer_science,1092500,https://admissions.giki.edu.pk/,,
GIKI,Topi,Khyber Pakhtunkhwa,BS Artificial Intelligence,Bachelors,IT,bs,computer_science,1092500,https://admissions.giki.edu.pk/,,
GIKI,Topi,Khyber Pakhtunkhwa,MS Computer Science,Masters,IT,ms,computer_science,1092500,https://admissions.giki.edu.pk/,,
GIKI,Topi,Khyber Pakhtunkhwa,PhD Computer Science,PhD,IT,phd,computer_science,1092500,https://admissions.giki.edu.pk/,,
IMSciences Peshawar,Peshawar,Khyber Pakhtunkhwa,BS Computer Science,Bachelors,IT,bs,computer_science,287500,https://imsciences.edu.pk/admissions,,
IMSciences Peshawar,Peshawar,Khyber Pakhtunkhwa,BS Software Engineering,Bachelors,IT,bs,computer_science,287500,https://imsciences.edu.pk/admissions,,
IMSciences Peshawar,Peshawar,Khyber Pakhtunkhwa,BS Data Science,Bachelors,IT,bs,computer_science,287500,https://imsciences.edu.pk/admissions,,
IMSciences Peshawar,Peshawar,Khyber Pakhtunkhwa,BS Artificial Intelligence,Bachelors,IT,bs,computer_science,287500,https://imsciences.edu.pk/admissions,,
IMSciences Peshawar,Peshawar,Khyber Pakhtunkhwa,MS Computer Science,Masters,IT,ms,computer_science,287500,https://imsciences.edu.pk/admissions,,
IMSciences Peshawar,Peshawar,Khyber Pakhtunkhwa,PhD Computer Science,PhD,IT,phd,computer_science,287500,https://imsciences.edu.pk/admissions,,
IMSciences Peshawar,Peshawar,Khyber Pakhtunkhwa,BBA,Bachelors,Business,,business,275000,https://imsciences.edu.pk/admissions,,
IMSciences Peshawar,Peshawar,Khyber Pakhtunkhwa,BS Accounting & Finance,Bachelors,Business,bs,business,275000,https://imsciences.edu.pk/admissions,,
IMSciences Peshawar,Peshawar,Khyber Pakhtunkhwa,BS Economics,Bachelors,Business,bs,business,275000,https://imsciences.edu.pk/admissions,,
IMSciences Peshawar,Peshawar,Khyber Pakhtunkhwa,MBA,Masters,Business,,business,275000,https://imsciences.edu.pk/admissions,,
IMSciences Peshawar,Peshawar,Khyber Pakhtunkhwa,MS Management Sciences,Masters,Business,ms,business,275000,https://imsciences.edu.pk/admissions,,
IMSciences Peshawar,Peshawar,Khyber Pakhtunkhwa,PhD Management Sciences,PhD,Business,phd,business,275000,https://imsciences.edu.pk/admissions,,
City University of Science & IT (CUSIT),Peshawar,Khyber Pakhtunkhwa,BE Electrical Engineering,Bachelors,Engineering,bs,engineering,264500,https://www.cityuniversity.edu.pk/admissions,,
City University of Science & IT (CUSIT),Peshawar,Khyber Pakhtunkhwa,BE Mechanical Engineering,Bachelors,Engineering,bs,engineering,264500,https://www.cityuniversity.edu.pk/admissions,,
City University of Science & IT (CUSIT),Peshawar,Khyber Pakhtunkhwa,BE Civil Engineering,Bachelors,Engineering,bs,engineering,264500,https://www.cityuniversity.edu.pk/admissions,,
City University of Science & IT (CUSIT),Peshawar,Khyber Pakhtunkhwa,BSc Engineering (Computer/Software),Bachelors,Engineering,bs,engineering,264500,https://www.cityuniversity.edu.pk/admissions,,
City University of Science & IT (CUSIT),Peshawar,Khyber Pakhtunkhwa,MS Electrical Engineering,Masters,Engineering,ms,engineering,264500,https://www.cityuniversity.edu.pk/admissions,,
City University of Science & IT (CUSIT),Peshawar,Khyber Pakhtunkhwa,PhD Engineering,PhD,Engineering,phd,engineering,264500,https://www.cityuniversity.edu.pk/admissions,,
City University of Science & IT (CUSIT),Peshawar,Khyber Pakhtunkhwa,BS Computer Science,Bachelors,IT,bs,computer_science,264500,https://www.cityuniversity.edu.pk/admissions,,
City University of Science & IT (CUSIT),Peshawar,Khyber Pakhtunkhwa,BS Software Engineering,Bachelors,IT,bs,computer_science,264500,https://www.cityuniversity.edu.pk/admissions,,
City University of Science & IT (CUSIT),Peshawar,Khyber Pakhtunkhwa,BS Data Science,Bachelors,IT,bs,computer_science,264500,https://www.cityuniversity.edu.pk/admissions,,
City University of Science & IT (CUSIT),Peshawar,Khyber Pakhtunkhwa,BS Artificial Intelligence,Bachelors,IT,bs,computer_science,264500,https://www.cityuniversity.edu.pk/admissions,,
City University of Science & IT (CUSIT),Peshawar,Khyber Pakhtunkhwa,MS Computer Science,Masters,IT,ms,computer_science,264500,https://www.cityuniversity.edu.pk/admissions,,
City University of Science & IT (CUSIT),Peshawar,Khyber Pakhtunkhwa,PhD Computer Science,PhD,IT,phd,computer_science,264500,https://www.cityuniversity.edu.pk/admissions,,
City University of Science & IT (CUSIT),Peshawar,Khyber Pakhtunkhwa,BBA,Bachelors,Business,,business,253000,https://www.cityuniversity.edu.pk/admissions,,
City University of Science & IT (CUSIT),Peshawar,Khyber Pakhtunkhwa,BS Accounting & Finance,Bachelors,Business,bs,business,253000,https://www.cityuniversity.edu.pk/admissions,,
City University of Science & IT (CUSIT),Peshawar,Khyber Pakhtunkhwa,BS Economics,Bachelors,Business,bs,business,253000,https://www.cityuniversity.edu.pk/admissions,,
City University of Science & IT (CUSIT),Peshawar,Khyber Pakhtunkhwa,MBA,Masters,Business,,business,253000,https://www.cityuniversity.edu.pk/admissions,,
City University of Science & IT (CUSIT),Peshawar,Khyber Pakhtunkhwa,MS Management Sciences,Masters,Business,ms,business,253000,https://www.cityuniversity.edu.pk/admissions,,
City University of Science & IT (CUSIT),Peshawar,Khyber Pakhtunkhwa,PhD Management Sciences,PhD,Business,phd,business,253000,https://www.cityuniversity.edu.pk/admissions,,
CECOS University,Peshawar,Khyber Pakhtunkhwa,BE Electrical Engineering,Bachelors,Engineering,bs,engineering,287500,https://www.cecos.edu.pk/admissions,,
CECOS University,Peshawar,Khyber Pakhtunkhwa,BE Mechanical Engineering,Bachelors,Engineering,bs,engineering,287500,https://www.cecos.edu.pk/admissions,,
CECOS University,Peshawar,Khyber Pakhtunkhwa,BE Civil Engineering,Bachelors,Engineering,bs,engineering,287500,https://www.cecos.edu.pk/admissions,,
CECOS University,Peshawar,Khyber Pakhtunkhwa,BSc Engineering (Computer/Software),Bachelors,Engineering,bs,engineering,287500,https://www.cecos.edu.pk/admissions,,
CECOS University,Peshawar,Khyber Pakhtunkhwa,MS Electrical Engineering,Masters,Engineering,ms,engineering,287500,https://www.cecos.edu.pk/admissions,,
CECOS University,Peshawar,Khyber Pakhtunkhwa,PhD Engineering,PhD,Engineering,phd,engineering,287500,https://www.cecos.edu.pk/admissions,,
CECOS University,Peshawar,Khyber Pakhtunkhwa,BS Computer Science,Bachelors,IT,bs,computer_science,287500,https://www.cecos.edu.pk/admissions,,
CECOS University,Peshawar,Khyber Pakhtunkhwa,BS Software Engineering,Bachelors,IT,bs,computer_science,287500,https://www.cecos.edu.pk/admissions,,
CECOS University,Peshawar,Khyber Pakhtunkhwa,BS Data Science,Bachelors,IT,bs,computer_science,287500,https://www.cecos.edu.pk/admissions,,
CECOS University,Peshawar,Khyber Pakhtunkhwa,BS Artificial Intelligence,Bachelors,IT,bs,computer_science,287500,https://www.cecos.edu.pk/admissions,,
CECOS University,Peshawar,Khyber Pakhtunkhwa,MS Computer Science,Masters,IT,ms,computer_science,287500,https://www.cecos.edu.pk/admissions,,
CECOS University,Peshawar,Khyber Pakhtunkhwa,PhD Computer Science,PhD,IT,phd,computer_science,287500,https://www.cecos.edu.pk/admissions,,
CECOS University,Peshawar,Khyber Pakhtunkhwa,BBA,Bachelors,Business,,business,275000,https://www.cecos.edu.pk/admissions,,
CECOS University,Peshawar,Khyber Pakhtunkhwa,BS Accounting & Finance,Bachelors,Business,bs,business,275000,https://www.cecos.edu.pk/admissions,,
CECOS University,Peshawar,Khyber Pakhtunkhwa,BS Economics,Bachelors,Business,bs,business,275000,https://www.cecos.edu.pk/admissions,,
CECOS University,Peshawar,Khyber Pakhtunkhwa,MBA,Masters,Business,,business,275000,https://www.cecos.edu.pk/admissions,,
CECOS University,Peshawar,Khyber Pakhtunkhwa,MS Management Sciences,Masters,Business,ms,business,275000,https://www.cecos.edu.pk/admissions,,
CECOS University,Peshawar,Khyber Pakhtunkhwa,PhD Management Sciences,PhD,Business,phd,business,275000,https://www.cecos.edu.pk/admissions,,
BUITEMS Quetta,Quetta,Balochistan,BE Electrical Engineering,Bachelors,Engineering,bs,engineering,120749,https://admissions.buitms.edu.pk/,,
BUITEMS Quetta,Quetta,Balochistan,BE Mechanical Engineering,Bachelors,Engineering,bs,engineering,120749,https://admissions.buitms.edu.pk/,,
BUITEMS Quetta,Quetta,Balochistan,BE Civil Engineering,Bachelors,Engineering,bs,engineering,120749,https://admissions.buitms.edu.pk/,,
BUITEMS Quetta,Quetta,Balochistan,BSc Engineering (Computer/Software),Bachelors,Engineering,bs,engineering,120749,https://admissions.buitms.edu.pk/,,
BUITEMS Quetta,Quetta,Balochistan,MS Electrical Engineering,Masters,Engineering,ms,engineering,120749,https://admissions.buitms.edu.pk/,,
BUITEMS Quetta,Quetta,Balochistan,PhD Engineering,PhD,Engineering,phd,engineering,120749,https://admissions.buitms.edu.pk/,,
BUITEMS Quetta,Quetta,Balochistan,BS Computer Science,Bachelors,IT,bs,computer_science,120749,https://admissions.buitms.edu.pk/,,
BUITEMS Quetta,Quetta,Balochistan,BS Software Engineering,Bachelors,IT,bs,computer_science,120749,https://admissions.buitms.edu.pk/,,
BUITEMS Quetta,Quetta,Balochistan,BS Data Science,Bachelors,IT,bs,computer_science,120749,https://admissions.buitms.edu.pk/,,
BUITEMS Quetta,Quetta,Balochistan,BS Artificial Intelligence,Bachelors,IT,bs,computer_science,120749,https://admissions.buitms.edu.pk/,,
BUITEMS Quetta,Quetta,Balochistan,MS Computer Science,Masters,IT,ms,computer_science,120749,https://admissions.buitms.edu.pk/,,
BUITEMS Quetta,Quetta,Balochistan,PhD Computer Science,PhD,IT,phd,computer_science,120749,https://admissions.buitms.edu.pk/,,
BUITEMS Quetta,Quetta,Balochistan,BBA,Bachelors,Business,,business,115500,https://admissions.buitms.edu.pk/,,
BUITEMS Quetta,Quetta,Balochistan,BS Accounting & Finance,Bachelors,Business,bs,business,115500,https://admissions.buitms.edu.pk/,,
BUITEMS Quetta,Quetta,Balochistan,BS Economics,Bachelors,Business,bs,business,115500,https://admissions.buitms.edu.pk/,,
BUITEMS Quetta,Quetta,Balochistan,MBA,Masters,Business,,business,115500,https://admissions.buitms.edu.pk/,,
BUITEMS Quetta,Quetta,Balochistan,MS Management Sciences,Masters,Business,ms,business,115500,https://admissions.buitms.edu.pk/,,
BUITEMS Quetta,Quetta,Balochistan,PhD Management Sciences,PhD,Business,phd,business,115500,https://admissions.buitms.edu.pk/,,
BUET Khuzdar,Khuzdar,Balochistan,BE Electrical Engineering,Bachelors,Engineering,bs,engineering,120749,https://www.buetk.edu.pk/admissions,,
BUET Khuzdar,Khuzdar,Balochistan,BE Mechanical Engineering,Bachelors,Engineering,bs,engineering,120749,https://www.buetk.edu.pk/admissions,,
BUET Khuzdar,Khuzdar,Balochistan,BE Civil Engineering,Bachelors,Engineering,bs,engineering,120749,https://www.buetk.edu.pk/admissions,,
BUET Khuzdar,Khuzdar,Balochistan,BSc Engineering (Computer/Software),Bachelors,Engineering,bs,engineering,120749,https://www.buetk.edu.pk/admissions,,
BUET Khuzdar,Khuzdar,Balochistan,MS Electrical Engineering,Masters,Engineering,ms,engineering,120749,https://www.buetk.edu.pk/admissions,,
BUET Khuzdar,Khuzdar,Balochistan,PhD Engineering,PhD,Engineering,phd,engineering,120749,https://www.buetk.edu.pk/admissions,,
BUET Khuzdar,Khuzdar,Balochistan,BS Computer Science,Bachelors,IT,bs,computer_science,120749,https://www.buetk.edu.pk/admissions,,
BUET Khuzdar,Khuzdar,Balochistan,BS Software Engineering,Bachelors,IT,bs,computer_science,120749,https://www.buetk.edu.pk/admissions,,
BUET Khuzdar,Khuzdar,Balochistan,BS Data Science,Bachelors,IT,bs,computer_science,120749,https://www.buetk.edu.pk/admissions,,
BUET Khuzdar,Khuzdar,Balochistan,BS Artificial Intelligence,Bachelors,IT,bs,computer_science,120749,https://www.buetk.edu.pk/admissions,,
BUET Khuzdar,Khuzdar,Balochistan,MS Computer Science,Masters,IT,ms,computer_science,120749,https://www.buetk.edu.pk/admissions,,
BUET Khuzdar,Khuzdar,Balochistan,PhD Computer Science,PhD,IT,phd,computer_science,120749,https://www.buetk.edu.pk/admissions,,
NUST,Islamabad,Islamabad Capital Territory,BE Electrical Engineering,Bachelors,Engineering,bs,engineering,632500,https://ugadmissions.nust.edu.pk/,,
NUST,Islamabad,Islamabad Capital Territory,BE Mechanical Engineering,Bachelors,Engineering,bs,engineering,632500,https://ugadmissions.nust.edu.pk/,,
NUST,Islamabad,Islamabad Capital Territory,BE Civil Engineering,Bachelors,Engineering,bs,engineering,632500,https://ugadmissions.nust.edu.pk/,,
NUST,Islamabad,Islamabad Capital Territory,BSc Engineering (Computer/Software),Bachelors,Engineering,bs,engineering,632500,https://ugadmissions.nust.edu.pk/,,
NUST,Islamabad,Islamabad Capital Territory,MS Electrical Engineering,Masters,Engineering,ms,engineering,632500,https://ugadmissions.nust.edu.pk/,,
NUST,Islamabad,Islamabad Capital Territory,PhD Engineering,PhD,Engineering,phd,engineering,632500,https://ugadmissions.nust.edu.pk/,,
NUST,Islamabad,Islamabad Capital Territory,BS Computer Science,Bachelors,IT,bs,computer_science,632500,https://ugadmissions.nust.edu.pk/,,
NUST,Islamabad,Islamabad Capital Territory,BS Software Engineering,Bachelors,IT,bs,computer_science,632500,https://ugadmissions.nust.edu.pk/,,
NUST,Islamabad,Islamabad Capital Territory,BS Data Science,Bachelors,IT,bs,computer_science,632500,https://ugadmissions.nust.edu.pk/,,
NUST,Islamabad,Islamabad Capital Territory,BS Artificial Intelligence,Bachelors,IT,bs,computer_science,632500,https://ugadmissions.nust.edu.pk/,,
NUST,Islamabad,Islamabad Capital Territory,MS Computer Science,Masters,IT,ms,computer_science,632500,https://ugadmissions.nust.edu.pk/,,
NUST,Islamabad,Islamabad Capital Territory,PhD Computer Science,PhD,IT,phd,computer_science,632500,https://ugadmissions.nust.edu.pk/,,
NUST,Islamabad,Islamabad Capital Territory,BBA,Bachelors,Business,,business,605000,https://ugadmissions.nust.edu.pk/,,
NUST,Islamabad,Islamabad Capital Territory,BS Accounting & Finance,Bachelors,Business,bs,business,605000,https://ugadmissions.nust.edu.pk/,,
NUST,Islamabad,Islamabad Capital Territory,BS Economics,Bachelors,Business,bs,business,605000,https://ugadmissions.nust.edu.pk/,,
NUST,Islamabad,Islamabad Capital Territory,MBA,Masters,Business,,business,605000,https://ugadmissions.nust.edu.pk/,,
NUST,Islamabad,Islamabad Capital Territory,MS Management Sciences,Masters,Business,ms,business,605000,https://ugadmissions.nust.edu.pk/,,
NUST,Islamabad,Islamabad Capital Territory,PhD Management Sciences,PhD,Business,phd,business,605000,https://ugadmissions.nust.edu.pk/,,
PIEAS,Islamabad,Islamabad Capital Territory,BE Electrical Engineering,Bachelors,Engineering,bs,engineering,517499,https://pieas.edu.pk/admissions,,
PIEAS,Islamabad,Islamabad Capital Territory,BE Mechanical Engineering,Bachelors,Engineering,bs,engineering,517499,https://pieas.edu.pk/admissions,,
PIEAS,Islamabad,Islamabad Capital Territory,BE Civil Engineering,Bachelors,Engineering,bs,engineering,517499,https://pieas.edu.pk/admissions,,
PIEAS,Islamabad,Islamabad Capital Territory,BSc Engineering (Computer/Software),Bachelors,Engineering,bs,engineering,517499,https://pieas.edu.pk/admissions,,
PIEAS,Islamabad,Islamabad Capital Territory,MS Electrical Engineering,Masters,Engineering,ms,engineering,517499,https://pieas.edu.pk/admissions,,
PIEAS,Islamabad,Islamabad Capital Territory,PhD Engineering,PhD,Engineering,phd,engineering,517499,https://pieas.edu.pk/admissions,,
PIEAS,Islamabad,Islamabad Capital Territory,BS Computer Science,Bachelors,IT,bs,computer_science,517499,https://pieas.edu.pk/admissions,,
PIEAS,Islamabad,Islamabad Capital Territory,BS Software Engineering,Bachelors,IT,bs,computer_science,517499,https://pieas.edu.pk/admissions,,
PIEAS,Islamabad,Islamabad Capital Territory,BS Data Science,Bachelors,IT,bs,computer_science,517499,https://pieas.edu.pk/admissions,,
PIEAS,Islamabad,Islamabad Capital Territory,BS Artificial Intelligence,Bachelors,IT,bs,computer_science,517499,https://pieas.edu.pk/admissions,,
PIEAS,Islamabad,Islamabad Capital Territory,MS Computer Science,Masters,IT,ms,computer_science,517499,https://pieas.edu.pk/admissions,,
PIEAS,Islamabad,Islamabad Capital Territory,PhD Computer Science,PhD,IT,phd,computer_science,517499,https://pieas.edu.pk/admissions,,
Institute of Space Technology (IST),Islamabad,Islamabad Capital Territory,BS Computer Science,Bachelors,IT,bs,computer_science,431249,https://www.ist.edu.pk/admissions,,
Institute of Space Technology (IST),Islamabad,Islamabad Capital Territory,BS Software Engineering,Bachelors,IT,bs,computer_science,431249,https://www.ist.edu.pk/admissions,,
Institute of Space Technology (IST),Islamabad,Islamabad Capital Territory,BS Data Science,Bachelors,IT,bs,computer_science,431249,https://www.ist.edu.pk/admissions,,
Institute of Space Technology (IST),Islamabad,Islamabad Capital Territory,BS Artificial Intelligence,Bachelors,IT,bs,computer_science,431249,https://www.ist.edu.pk/admissions,,
Institute of Space Technology (IST),Islamabad,Islamabad Capital Territory,MS Computer Science,Masters,IT,ms,computer_science,431249,https://www.ist.edu.pk/admissions,,
Institute of Space Technology (IST),Islamabad,Islamabad Capital Territory,PhD Computer Science,PhD,IT,phd,computer_science,431249,https://www.ist.edu.pk/admissions,,
Air University,Islamabad,Islamabad Capital Territory,BS Computer Science,Bachelors,IT,bs,computer_science,322000,https://au.edu.pk/admissions,,
Air University,Islamabad,Islamabad Capital Territory,BS Software Engineering,Bachelors,IT,bs,computer_science,322000,https://au.edu.pk/admissions,,
Air University,Islamabad,Islamabad Capital Territory,BS Data Science,Bachelors,IT,bs,computer_science,322000,https://au.edu.pk/admissions,,
Air University,Islamabad,Islamabad Capital Territory,BS Artificial Intelligence,Bachelors,IT,bs,computer_science,322000,https://au.edu.pk/admissions,,
Air University,Islamabad,Islamabad Capital Territory,MS Computer Science,Masters,IT,ms,computer_science,322000,https://au.edu.pk/admissions,,
Air University,Islamabad,Islamabad Capital Territory,PhD Computer Science,PhD,IT,phd,computer_science,322000,https://au.edu.pk/admissions,,
Air University,Islamabad,Islamabad Capital Territory,BBA,Bachelors,Business,,business,308000,https://au.edu.pk/admissions,,
Air University,Islamabad,Islamabad Capital Territory,BS Accounting & Finance,Bachelors,Business,bs,business,308000,https://au.edu.pk/admissions,,
Air University,Islamabad,Islamabad Capital Territory,BS Economics,Bachelors,Business,bs,business,308000,https://au.edu.pk/admissions,,
Air University,Islamabad,Islamabad Capital Territory,MBA,Masters,Business,,business,308000,https://au.edu.pk/admissions,,
Air University,Islamabad,Islamabad Capital Territory,MS Management Sciences,Masters,Business,ms,business,308000,https://au.edu.pk/admissions,,
Air University,Islamabad,Islamabad Capital Territory,PhD Management Sciences,PhD,Business,phd,business,308000,https://au.edu.pk/admissions,,
Bahria University Islamabad,Islamabad,Islamabad Capital Territory,BS Computer Science,Bachelors,IT,bs,computer_science,345000,https://bahria.edu.pk/admissions,,
Bahria University Islamabad,Islamabad,Islamabad Capital Territory,BS Software Engineering,Bachelors,IT,bs,computer_science,345000,https://bahria.edu.pk/admissions,,
Bahria University Islamabad,Islamabad,Islamabad Capital Territory,BS Data Science,Bachelors,IT,bs,computer_science,345000,https://bahria.edu.pk/admissions,,
Bahria University Islamabad,Islamabad,Islamabad Capital Territory,BS Artificial Intelligence,Bachelors,IT,bs,computer_science,345000,https://bahria.edu.pk/admissions,,
Bahria University Islamabad,Islamabad,Islamabad Capital Territory,MS Computer Science,Masters,IT,ms,computer_science,345000,https://bahria.edu.pk/admissions,,
Bahria University Islamabad,Islamabad,Islamabad Capital Territory,PhD Computer Science,PhD,IT,phd,computer_science,345000,https://bahria.edu.pk/admissions,,
Bahria University Islamabad,Islamabad,Islamabad Capital Territory,BBA,Bachelors,Business,,business,330000,https://bahria.edu.pk/admissions,,
Bahria University Islamabad,Islamabad,Islamabad Capital Territory,BS Accounting & Finance,Bachelors,Business,bs,business,330000,https://bahria.edu.pk/admissions,,
Bahria University Islamabad,Islamabad,Islamabad Capital Territory,BS Economics,Bachelors,Business,bs,business,330000,https://bahria.edu.pk/admissions,,
Bahria University Islamabad,Islamabad,Islamabad Capital Territory,MBA,Masters,Business,,business,330000,https://bahria.edu.pk/admissions,,
Bahria University Islamabad,Islamabad,Islamabad Capital Territory,MS Management Sciences,Masters,Business,ms,business,330000,https://bahria.edu.pk/admissions,,
Bahria University Islamabad,Islamabad,Islamabad Capital Territory,PhD Management Sciences,PhD,Business,phd,business,330000,https://bahria.edu.pk/admissions,,
COMSATS University Islamabad,Islamabad,Islamabad Capital Territory,BE Electrical Engineering,Bachelors,Engineering,bs,engineering,201249,https://islamabad.comsats.edu.pk/admissions,http://comsats.edu.pk,True
COMSATS University Islamabad,Islamabad,Islamabad Capital Territory,BE Mechanical Engineering,Bachelors,Engineering,bs,engineering,201249,https://islamabad.comsats.edu.pk/admissions,http://comsats.edu.pk,True
COMSATS University Islamabad,Islamabad,Islamabad Capital Territory,BE Civil Engineering,Bachelors,Engineering,bs,engineering,201249,https://islamabad.comsats.edu.pk/admissions,http://comsats.edu.pk,True
COMSATS University Islamabad,Islamabad,Islamabad Capital Territory,BSc Engineering (Computer/Software),Bachelors,Engineering,bs,engineering,201249,https://islamabad.comsats.edu.pk/admissions,http://comsats.edu.pk,True
COMSATS University Islamabad,Islamabad,Islamabad Capital Territory,MS Electrical Engineering,Masters,Engineering,ms,engineering,201249,https://islamabad.comsats.edu.pk/admissions,http://comsats.edu.pk,True
COMSATS University Islamabad,Islamabad,Islamabad Capital Territory,PhD Engineering,PhD,Engineering,phd,engineering,201249,https://islamabad.comsats.edu.pk/admissions,http://comsats.edu.pk,True
COMSATS University Islamabad,Islamabad,Islamabad Capital Territory,BS Computer Science,Bachelors,IT,bs,computer_science,201249,https://islamabad.comsats.edu.pk/admissions,http://comsats.edu.pk,True
COMSATS University Islamabad,Islamabad,Islamabad Capital Territory,BS Software Engineering,Bachelors,IT,bs,computer_science,201249,https://islamabad.comsats.edu.pk/admissions,http://comsats.edu.pk,True
COMSATS University Islamabad,Islamabad,Islamabad Capital Territory,BS Data Science,Bachelors,IT,bs,computer_science,201249,https://islamabad.comsats.edu.pk/admissions,http://comsats.edu.pk,True
COMSATS University Islamabad,Islamabad,Islamabad Capital Territory,BS Artificial Intelligence,Bachelors,IT,bs,computer_science,201249,https://islamabad.comsats.edu.pk/admissions,http://comsats.edu.pk,True
COMSATS University Islamabad,Islamabad,Islamabad Capital Territory,MS Computer Science,Masters,IT,ms,computer_science,201249,https://islamabad.comsats.edu.pk/admissions,http://comsats.edu.pk,True
COMSATS University Islamabad,Islamabad,Islamabad Capital Territory,PhD Computer Science,PhD,IT,phd,computer_science,201249,https://islamabad.comsats.edu.pk/admissions,http://comsats.edu.pk,True
COMSATS University Islamabad,Islamabad,Islamabad Capital Territory,BBA,Bachelors,Business,,business,192500,https://islamabad.comsats.edu.pk/admissions,http://comsats.edu.pk,True
COMSATS University Islamabad,Islamabad,Islamabad Capital Territory,BS Accounting & Finance,Bachelors,Business,bs,business,192500,https://islamabad.comsats.edu.pk/admissions,http://comsats.edu.pk,True
COMSATS University Islamabad,Islamabad,Islamabad Capital Territory,BS Economics,Bachelors,Business,bs,business,192500,https://islamabad.comsats.edu.pk/admissions,http://comsats.edu.pk,True
COMSATS University Islamabad,Islamabad,Islamabad Capital Territory,MBA,Masters,Business,,business,192500,https://islamabad.comsats.edu.pk/admissions,http://comsats.edu.pk,True
COMSATS University Islamabad,Islamabad,Islamabad Capital Territory,MS Management Sciences,Masters,Business,ms,business,192500,https://islamabad.comsats.edu.pk/admissions,http://comsats.edu.pk,True
COMSATS University Islamabad,Islamabad,Islamabad Capital Territory,PhD Management Sciences,PhD,Business,phd,business,192500,https://islamabad.comsats.edu.pk/admissions,http://comsats.edu.pk,True
Capital University of Science & Technology (CUST),Islamabad,Islamabad Capital Territory,BE Electrical Engineering,Bachelors,Engineering,bs,engineering,368000,https://cust.edu.pk/admissions,,
Capital University of Science & Technology (CUST),Islamabad,Islamabad Capital Territory,BE Mechanical Engineering,Bachelors,Engineering,bs,engineering,368000,https://cust.edu.pk/admissions,,
Capital University of Science & Technology (CUST),Islamabad,Islamabad Capital Territory,BE Civil Engineering,Bachelors,Engineering,bs,engineering,368000,https://cust.edu.pk/admissions,,
Capital University of Science & Technology (CUST),Islamabad,Islamabad Capital Territory,BSc Engineering (Computer/Software),Bachelors,Engineering,bs,engineering,368000,https://cust.edu.pk/admissions,,
Capital University of Science & Technology (CUST),Islamabad,Islamabad Capital Territory,MS Electrical Engineering,Masters,Engineering,ms,engineering,368000,https://cust.edu.pk/admissions,,
Capital University of Science & Technology (CUST),Islamabad,Islamabad Capital Territory,PhD Engineering,PhD,Engineering,phd,engineering,368000,https://cust.edu.pk/admissions,,
Capital University of Science & Technology (CUST),Islamabad,Islamabad Capital Territory,BS Computer Science,Bachelors,IT,bs,computer_science,368000,https://cust.edu.pk/admissions,,
Capital University of Science & Technology (CUST),Islamabad,Islamabad Capital Territory,BS Software Engineering,Bachelors,IT,bs,computer_science,368000,https://cust.edu.pk/admissions,,
Capital University of Science & Technology (CUST),Islamabad,Islamabad Capital Territory,BS Data Science,Bachelors,IT,bs,computer_science,368000,https://cust.edu.pk/admissions,,
Capital University of Science & Technology (CUST),Islamabad,Islamabad Capital Territory,BS Artificial Intelligence,Bachelors,IT,bs,computer_science,368000,https://cust.edu.pk/admissions,,
Capital University of Science & Technology (CUST),Islamabad,Islamabad Capital Territory,MS Computer Science,Masters,IT,ms,computer_science,368000,https://cust.edu.pk/admissions,,
Capital University of Science & Technology (CUST),Islamabad,Islamabad Capital Territory,PhD Computer Science,PhD,IT,phd,computer_science,368000,https://cust.edu.pk/admissions,,
Capital University of Science & Technology (CUST),Islamabad,Islamabad Capital Territory,BBA,Bachelors,Business,,business,352000,https://cust.edu.pk/admissions,,
Capital University of Science & Technology (CUST),Islamabad,Islamabad Capital Territory,BS Accounting & Finance,Bachelors,Business,bs,business,352000,https://cust.edu.pk/admissions,,
Capital University of Science & Technology (CUST),Islamabad,Islamabad Capital Territory,BS Economics,Bachelors,Business,bs,business,352000,https://cust.edu.pk/admissions,,
Capital University of Science & Technology (CUST),Islamabad,Islamabad Capital Territory,MBA,Masters,Business,,business,352000,https://cust.edu.pk/admissions,,
Capital University of Science & Technology (CUST),Islamabad,Islamabad Capital Territory,MS Management Sciences,Masters,Business,ms,business,352000,https://cust.edu.pk/admissions,,
Capital University of Science & Technology (CUST),Islamabad,Islamabad Capital Territory,PhD Management Sciences,PhD,Business,phd,business,352000,https://cust.edu.pk/admissions,,
NUTECH,Islamabad,Islamabad Capital Territory,BE Electrical Engineering,Bachelors,Engineering,bs,engineering,287500,https://nutech.edu.pk/admissions,,
NUTECH,Islamabad,Islamabad Capital Territory,BE Mechanical Engineering,Bachelors,Engineering,bs,engineering,287500,https://nutech.edu.pk/admissions,,
NUTECH,Islamabad,Islamabad Capital Territory,BE Civil Engineering,Bachelors,Engineering,bs,engineering,287500,https://nutech.edu.pk/admissions,,
NUTECH,Islamabad,Islamabad Capital Territory,BSc Engineering (Computer/Software),Bachelors,Engineering,bs,engineering,287500,https://nutech.edu.pk/admissions,,
NUTECH,Islamabad,Islamabad Capital Territory,MS Electrical Engineering,Masters,Engineering,ms,engineering,287500,https://nutech.edu.pk/admissions,,
NUTECH,Islamabad,Islamabad Capital Territory,PhD Engineering,PhD,Engineering,phd,engineering,287500,https://nutech.edu.pk/admissions,,
NUTECH,Islamabad,Islamabad Capital Territory,BS Computer Science,Bachelors,IT,bs,computer_science,287500,https://nutech.edu.pk/admissions,,
NUTECH,Islamabad,Islamabad Capital Territory,BS Software Engineering,Bachelors,IT,bs,computer_science,287500,https://nutech.edu.pk/admissions,,
NUTECH,Islamabad,Islamabad Capital Territory,BS Data Science,Bachelors,IT,bs,computer_science,287500,https://nutech.edu.pk/admissions,,
NUTECH,Islamabad,Islamabad Capital Territory,BS Artificial Intelligence,Bachelors,IT,bs,computer_science,287500,https://nutech.edu.pk/admissions,,
NUTECH,Islamabad,Islamabad Capital Territory,MS Computer Science,Masters,IT,ms,computer_science,287500,https://nutech.edu.pk/admissions,,
NUTECH,Islamabad,Islamabad Capital Territory,PhD Computer Science,PhD,IT,phd,computer_science,287500,https://nutech.edu.pk/admissions,,
